"../../../Engine/Plugins/Animation/ACLPlugin/Content/ACLAnimCurveCompressionSettings.uasset" 0
"../../../Engine/Plugins/Animation/ACLPlugin/Content/ACLAnimCurveCompressionSettings.uexp" 1
"../../../Engine/Plugins/Animation/ACLPlugin/Content/ACLAnimBoneCompressionSettings.uasset" 2
"../../../Engine/Plugins/Animation/ACLPlugin/Content/ACLAnimBoneCompressionSettings.uexp" 3
"../../../Engine/Plugins/2D/Paper2D/Content/PlaceholderTextures/DummySpriteTexture.ubulk" 4
"../../../Engine/Plugins/2D/Paper2D/Content/PlaceholderTextures/DummySpriteTexture.uasset" 5
"../../../Engine/Plugins/2D/Paper2D/Content/PlaceholderTextures/DummySpriteTexture.uexp" 6
"../../../Engine/Plugins/2D/Paper2D/Content/DummySprite.uasset" 7
"../../../Engine/Plugins/2D/Paper2D/Content/DummySprite.uexp" 8
"../../../Engine/Plugins/2D/Paper2D/Content/DefaultPaperTerrainMaterial.uasset" 9
"../../../Engine/Plugins/2D/Paper2D/Content/DefaultPaperTerrainMaterial.uexp" 10
"../../../Engine/Plugins/Interchange/Runtime/Content/Pipelines/DefaultTexturePipeline.uasset" 11
"../../../Engine/Plugins/Interchange/Runtime/Content/Pipelines/DefaultTexturePipeline.uexp" 12
"../../../Engine/Plugins/Interchange/Runtime/Content/Pipelines/DefaultSceneLevelPipeline.uasset" 13
"../../../Engine/Plugins/Interchange/Runtime/Content/Pipelines/DefaultSceneLevelPipeline.uexp" 14
"../../../Engine/Plugins/Interchange/Runtime/Content/Pipelines/DefaultSceneAssetsPipeline.uasset" 15
"../../../Engine/Plugins/Interchange/Runtime/Content/Pipelines/DefaultSceneAssetsPipeline.uexp" 16
"../../../Engine/Plugins/Interchange/Runtime/Content/Pipelines/DefaultMaterialXPipeline.uasset" 17
"../../../Engine/Plugins/Interchange/Runtime/Content/Pipelines/DefaultMaterialXPipeline.uexp" 18
"../../../Engine/Plugins/Interchange/Runtime/Content/Pipelines/DefaultMaterialPipeline.uasset" 19
"../../../Engine/Plugins/Interchange/Runtime/Content/Pipelines/DefaultMaterialPipeline.uexp" 20
"../../../Engine/Plugins/Interchange/Runtime/Content/Pipelines/DefaultGLTFSceneAssetsPipeline.uasset" 21
"../../../Engine/Plugins/Interchange/Runtime/Content/Pipelines/DefaultGLTFSceneAssetsPipeline.uexp" 22
"../../../Engine/Plugins/Interchange/Runtime/Content/Pipelines/DefaultGLTFPipeline.uasset" 23
"../../../Engine/Plugins/Interchange/Runtime/Content/Pipelines/DefaultGLTFPipeline.uexp" 24
"../../../Engine/Plugins/Interchange/Runtime/Content/Pipelines/DefaultGLTFAssetsPipeline.uasset" 25
"../../../Engine/Plugins/Interchange/Runtime/Content/Pipelines/DefaultGLTFAssetsPipeline.uexp" 26
"../../../Engine/Plugins/Interchange/Runtime/Content/Pipelines/DefaultAssetsPipeline.uasset" 27
"../../../Engine/Plugins/Interchange/Runtime/Content/Pipelines/DefaultAssetsPipeline.uexp" 28
"../../../Engine/Plugins/Animation/ControlRig/Content/Controls/DefaultGizmoLibraryNormalized.uasset" 29
"../../../Engine/Plugins/Animation/ControlRig/Content/Controls/DefaultGizmoLibraryNormalized.uexp" 30
"../../../Engine/Content/EngineSounds/Master.uasset" 31
"../../../Engine/Content/EngineSounds/Master.uexp" 32
"../../../Engine/Content/EngineMaterials/DefaultPhysicalMaterial.uasset" 33
"../../../Engine/Content/EngineMaterials/DefaultPhysicalMaterial.uexp" 34
"../../../Engine/Content/EngineMaterials/DefaultDestructiblePhysicalMaterial.uasset" 35
"../../../Engine/Content/EngineMaterials/DefaultDestructiblePhysicalMaterial.uexp" 36
"../../../Engine/Content/EngineFonts/Faces/RobotoLight.uexp" 37
"../../../Engine/Content/EngineFonts/Faces/RobotoLight.uasset" 38
"../../../Engine/Content/EngineFonts/Faces/RobotoLight.ufont" 39
"../../../Engine/Content/EngineFonts/Faces/RobotoBold.uexp" 40
"../../../Engine/Content/EngineFonts/Faces/RobotoBold.uasset" 41
"../../../Engine/Content/EngineFonts/Faces/RobotoBold.ufont" 42
"../../../Engine/Content/EngineFonts/Faces/RobotoRegular.uexp" 43
"../../../Engine/Content/EngineFonts/Faces/RobotoRegular.uasset" 44
"../../../Engine/Content/EngineFonts/Faces/RobotoRegular.ufont" 45
"../../../Engine/Content/EngineFonts/Faces/DroidSansFallback.uexp" 46
"../../../Engine/Content/EngineFonts/Faces/DroidSansFallback.uasset" 47
"../../../Engine/Content/EngineFonts/Faces/DroidSansFallback.ufont" 48
"../../../Engine/Content/EngineFonts/Faces/RobotoItalic.uexp" 49
"../../../Engine/Content/EngineFonts/Faces/RobotoItalic.uasset" 50
"../../../Engine/Content/EngineFonts/Faces/RobotoItalic.ufont" 51
"../../../Engine/Content/EngineFonts/Faces/RobotoBoldItalic.uexp" 52
"../../../Engine/Content/EngineFonts/Faces/RobotoBoldItalic.uasset" 53
"../../../Engine/Content/EngineFonts/Faces/RobotoBoldItalic.ufont" 54
"../../../Engine/Content/EngineFonts/Roboto.uasset" 55
"../../../Engine/Content/EngineFonts/Roboto.uexp" 56
"../../../Engine/Content/Animation/DefaultVariableFrameStrippingSettings.uasset" 57
"../../../Engine/Content/Animation/DefaultVariableFrameStrippingSettings.uexp" 58
"../../../Engine/Content/Animation/DefaultRecorderBoneCompression.uasset" 59
"../../../Engine/Content/Animation/DefaultRecorderBoneCompression.uexp" 60
"../../../Engine/Content/MobileResources/HUD/VirtualJoystick_Background.uasset" 61
"../../../Engine/Content/MobileResources/HUD/VirtualJoystick_Background.uexp" 62
"../../../Engine/Content/MobileResources/HUD/VirtualJoystick_Thumb.uasset" 63
"../../../Engine/Content/MobileResources/HUD/VirtualJoystick_Thumb.uexp" 64
"../../../Engine/Content/MobileResources/HUD/DefaultVirtualJoysticks.uasset" 65
"../../../Engine/Content/MobileResources/HUD/DefaultVirtualJoysticks.uexp" 66
"../../../Engine/Content/EditorResources/S_Actor.ubulk" 67
"../../../Engine/Content/EditorResources/S_Actor.uasset" 68
"../../../Engine/Content/EditorResources/S_Actor.uexp" 69
"../../../Engine/Plugins/Runtime/AudioWidgets/Content/Resources/ScrubHandleDown_Clamped.uasset" 70
"../../../Engine/Plugins/Runtime/AudioWidgets/Content/Resources/ScrubHandleDown_Clamped.uexp" 71
"../../../Engine/Content/EngineResources/GradientTexture0.uasset" 72
"../../../Engine/Content/EngineResources/GradientTexture0.uexp" 73
"../../../Engine/Content/EngineResources/DefaultTexture.ubulk" 74
"../../../Engine/Content/EngineResources/DefaultTexture.uasset" 75
"../../../Engine/Content/EngineResources/DefaultTexture.uexp" 76
"../../../Engine/Content/EngineResources/Black.uasset" 77
"../../../Engine/Content/EngineResources/Black.uexp" 78
"../../../Engine/Content/EngineMaterials/PreintegratedSkinBRDF.uasset" 79
"../../../Engine/Content/EngineMaterials/PreintegratedSkinBRDF.uexp" 80
"../../../Engine/Content/EngineMaterials/MiniFont.uasset" 81
"../../../Engine/Content/EngineMaterials/MiniFont.uexp" 82
"../../../Engine/Content/EngineMaterials/FastBlueNoise_vec2_128x128x64.uasset" 83
"../../../Engine/Content/EngineMaterials/FastBlueNoise_vec2_128x128x64.uexp" 84
"../../../Engine/Content/EngineMaterials/FastBlueNoise_scalar_128x128x64.uasset" 85
"../../../Engine/Content/EngineMaterials/FastBlueNoise_scalar_128x128x64.uexp" 86
"../../../Engine/Content/EngineMaterials/DefaultWhiteGrid.ubulk" 87
"../../../Engine/Content/EngineMaterials/DefaultWhiteGrid.uasset" 88
"../../../Engine/Content/EngineMaterials/DefaultWhiteGrid.uexp" 89
"../../../Engine/Content/EngineMaterials/DefaultBokeh.uasset" 90
"../../../Engine/Content/EngineMaterials/DefaultBokeh.uexp" 91
"../../../Engine/Content/EngineMaterials/DefaultBloomKernel.uasset" 92
"../../../Engine/Content/EngineMaterials/DefaultBloomKernel.uexp" 93
"../../../Engine/Content/EngineDamageTypes/DmgTypeBP_Environmental.uasset" 94
"../../../Engine/Content/EngineDamageTypes/DmgTypeBP_Environmental.uexp" 95
"../../../Engine/Content/EditorResources/S_TriggerSphere.uasset" 96
"../../../Engine/Content/EditorResources/S_TriggerSphere.uexp" 97
"../../../Engine/Content/EditorResources/S_TriggerCapsule.uasset" 98
"../../../Engine/Content/EditorResources/S_TriggerCapsule.uexp" 99
"../../../Engine/Content/EditorResources/S_TriggerBox.uasset" 100
"../../../Engine/Content/EditorResources/S_TriggerBox.uexp" 101
"../../../Engine/Content/EditorResources/S_Trigger.ubulk" 102
"../../../Engine/Content/EditorResources/S_Trigger.uasset" 103
"../../../Engine/Content/EditorResources/S_Trigger.uexp" 104
"../../../Engine/Content/EditorResources/S_Terrain.ubulk" 105
"../../../Engine/Content/EditorResources/S_Terrain.uasset" 106
"../../../Engine/Content/EditorResources/S_Terrain.uexp" 107
"../../../Engine/Content/EditorResources/S_Solver.ubulk" 108
"../../../Engine/Content/EditorResources/S_Solver.uasset" 109
"../../../Engine/Content/EditorResources/S_Solver.uexp" 110
"../../../Engine/Content/EditorResources/S_BoxReflectionCapture.uasset" 111
"../../../Engine/Content/EditorResources/S_BoxReflectionCapture.uexp" 112
"../../../Engine/Content/EditorResources/EmptyActor.uasset" 113
"../../../Engine/Content/EditorResources/EmptyActor.uexp" 114
"../../../Engine/Content/EditorResources/BSPVertex.uasset" 115
"../../../Engine/Content/EditorResources/BSPVertex.uexp" 116
"../../../Engine/Content/EditorLandscapeResources/DefaultAlphaTexture.uasset" 117
"../../../Engine/Content/EditorLandscapeResources/DefaultAlphaTexture.uexp" 118
"../../../Engine/Content/EngineResources/FilmGrains/Marcie_Grain_v3_128_M2_000.uasset" 119
"../../../Engine/Content/EngineResources/FilmGrains/Marcie_Grain_v3_128_M2_000.uexp" 120
"../../../Engine/Content/EngineMaterials/LTC/Sheen_LTC.uasset" 121
"../../../Engine/Content/EngineMaterials/LTC/Sheen_LTC.uexp" 122
"../../../Engine/Content/EngineMaterials/LTC/GGX_LTCMat.uasset" 123
"../../../Engine/Content/EngineMaterials/LTC/GGX_LTCMat.uexp" 124
"../../../Engine/Content/EngineMaterials/LTC/GGX_LTCAmp.uasset" 125
"../../../Engine/Content/EngineMaterials/LTC/GGX_LTCAmp.uexp" 126
"../../../Engine/Content/EngineMaterials/EnergyConservation/Sheen_Energy.uasset" 127
"../../../Engine/Content/EngineMaterials/EnergyConservation/Sheen_Energy.uexp" 128
"../../../Engine/Content/EngineMaterials/EnergyConservation/SheenLegacy_Energy.uasset" 129
"../../../Engine/Content/EngineMaterials/EnergyConservation/SheenLegacy_Energy.uexp" 130
"../../../Engine/Content/EngineMaterials/EnergyConservation/GGX_TransmissionEnergyArray.uasset" 131
"../../../Engine/Content/EngineMaterials/EnergyConservation/GGX_TransmissionEnergyArray.uexp" 132
"../../../Engine/Content/EngineMaterials/EnergyConservation/GGX_ReflectionEnergy.uasset" 133
"../../../Engine/Content/EngineMaterials/EnergyConservation/GGX_ReflectionEnergy.uexp" 134
"../../../Engine/Content/EngineMaterials/EnergyConservation/Diffuse_Energy.uasset" 135
"../../../Engine/Content/EngineMaterials/EnergyConservation/Diffuse_Energy.uexp" 136
"../../../Engine/Content/EditorResources/SequenceRecorder/RecordingIndicator.uasset" 137
"../../../Engine/Content/EditorResources/SequenceRecorder/RecordingIndicator.uexp" 138
"../../../Engine/Content/EditorResources/SequenceRecorder/Countdown.uasset" 139
"../../../Engine/Content/EditorResources/SequenceRecorder/Countdown.uexp" 140
"../../../Engine/Content/EditorMaterials/ParticleSystems/PSysThumbnail_OOD.ubulk" 141
"../../../Engine/Content/EditorMaterials/ParticleSystems/PSysThumbnail_OOD.uasset" 142
"../../../Engine/Content/EditorMaterials/ParticleSystems/PSysThumbnail_OOD.uexp" 143
"../../../Engine/Content/EditorMaterials/ParticleSystems/PSysThumbnail_NoImage.ubulk" 144
"../../../Engine/Content/EditorMaterials/ParticleSystems/PSysThumbnail_NoImage.uasset" 145
"../../../Engine/Content/EditorMaterials/ParticleSystems/PSysThumbnail_NoImage.uexp" 146
"../../../Engine/Content/EngineResources/DefaultTextureCube.uasset" 147
"../../../Engine/Content/EngineResources/DefaultTextureCube.uexp" 148
"../../../Engine/Content/EngineResources/DefaultVolumeTexture2D.uasset" 149
"../../../Engine/Content/EngineResources/DefaultVolumeTexture2D.uexp" 150
"../../../Engine/Content/EngineResources/DefaultVolumeTexture.uasset" 151
"../../../Engine/Content/EngineResources/DefaultVolumeTexture.uexp" 152
"../../../Engine/Content/Functions/Engine_MaterialFunctions02/WorldPositionOffset/CameraOffset.uasset" 153
"../../../Engine/Content/Functions/Engine_MaterialFunctions02/WorldPositionOffset/CameraOffset.uexp" 154
"../../../Engine/Plugins/Animation/ControlRig/Content/M_Manip.uasset" 155
"../../../Engine/Plugins/Animation/ControlRig/Content/M_Manip.uexp" 156
"../../../Engine/Plugins/Runtime/HairStrands/Content/Materials/HairMeshesDefaultMaterial.uasset" 157
"../../../Engine/Plugins/Runtime/HairStrands/Content/Materials/HairMeshesDefaultMaterial.uexp" 158
"../../../Engine/Plugins/Runtime/HairStrands/Content/Materials/HairDefaultMaterial.uasset" 159
"../../../Engine/Plugins/Runtime/HairStrands/Content/Materials/HairDefaultMaterial.uexp" 160
"../../../Engine/Plugins/Runtime/HairStrands/Content/Materials/HairGroupColors.uasset" 161
"../../../Engine/Plugins/Runtime/HairStrands/Content/Materials/HairGroupColors.uexp" 162
"../../../Engine/Content/Functions/Engine_MaterialFunctions02/Utility/MakeFloat2.uasset" 163
"../../../Engine/Content/Functions/Engine_MaterialFunctions02/Utility/MakeFloat2.uexp" 164
"../../../Engine/Content/Functions/Engine_MaterialFunctions02/Utility/MakeFloat3.uasset" 165
"../../../Engine/Content/Functions/Engine_MaterialFunctions02/Utility/MakeFloat3.uexp" 166
"../../../Engine/Content/EngineMaterials/HairColorMap.uasset" 167
"../../../Engine/Content/EngineMaterials/HairColorMap.uexp" 168
"../../../Engine/Content/EngineMaterials/HairDebugColor.uasset" 169
"../../../Engine/Content/EngineMaterials/HairDebugColor.uexp" 170
"../../../Engine/Plugins/Runtime/HairStrands/Content/Materials/HairDebugMaterial.uasset" 171
"../../../Engine/Plugins/Runtime/HairStrands/Content/Materials/HairDebugMaterial.uexp" 172
"../../../Engine/Plugins/Runtime/HairStrands/Content/Materials/HairCardsDefaultMaterial.uasset" 173
"../../../Engine/Plugins/Runtime/HairStrands/Content/Materials/HairCardsDefaultMaterial.uexp" 174
"../../../Engine/Plugins/Interchange/Assets/Content/Functions/MX_UsdPreviewSurface.uasset" 175
"../../../Engine/Plugins/Interchange/Assets/Content/Functions/MX_UsdPreviewSurface.uexp" 176
"../../../Engine/Plugins/Interchange/Assets/Content/Functions/MX_UniformEDF.uasset" 177
"../../../Engine/Plugins/Interchange/Assets/Content/Functions/MX_UniformEDF.uexp" 178
"../../../Engine/Plugins/Interchange/Assets/Content/Functions/MX_TranslucentBSDF.uasset" 179
"../../../Engine/Plugins/Interchange/Assets/Content/Functions/MX_TranslucentBSDF.uexp" 180
"../../../Engine/Plugins/Interchange/Assets/Content/Functions/MX_ThinFilmBSDF.uasset" 181
"../../../Engine/Plugins/Interchange/Assets/Content/Functions/MX_ThinFilmBSDF.uexp" 182
"../../../Engine/Plugins/Interchange/Assets/Content/Functions/MX_SurfaceUnlit.uasset" 183
"../../../Engine/Plugins/Interchange/Assets/Content/Functions/MX_SurfaceUnlit.uexp" 184
"../../../Engine/Plugins/Interchange/Assets/Content/Functions/MX_Surface.uasset" 185
"../../../Engine/Plugins/Interchange/Assets/Content/Functions/MX_Surface.uexp" 186
"../../../Engine/Plugins/Interchange/Assets/Content/Functions/MX_SubsurfaceBSDF.uasset" 187
"../../../Engine/Plugins/Interchange/Assets/Content/Functions/MX_SubsurfaceBSDF.uexp" 188
"../../../Engine/Plugins/Interchange/Assets/Content/Functions/MX_SheenBSDF.uasset" 189
"../../../Engine/Plugins/Interchange/Assets/Content/Functions/MX_SheenBSDF.uexp" 190
"../../../Engine/Plugins/Interchange/Assets/Content/Functions/MX_OrenNayarBSDF.uasset" 191
"../../../Engine/Plugins/Interchange/Assets/Content/Functions/MX_OrenNayarBSDF.uexp" 192
"../../../Engine/Plugins/Interchange/Assets/Content/Utilities/New_LUT.uasset" 193
"../../../Engine/Plugins/Interchange/Assets/Content/Utilities/New_LUT.uexp" 194
"../../../Engine/Content/Functions/Engine_MaterialFunctions03/Math/RemapValueRange.uasset" 195
"../../../Engine/Content/Functions/Engine_MaterialFunctions03/Math/RemapValueRange.uexp" 196
"../../../Engine/Plugins/Interchange/Assets/Content/Functions/MF_Iridescence.uasset" 197
"../../../Engine/Plugins/Interchange/Assets/Content/Functions/MF_Iridescence.uexp" 198
"../../../Engine/Plugins/Interchange/Assets/Content/Functions/MX_StandardSurface.uasset" 199
"../../../Engine/Plugins/Interchange/Assets/Content/Functions/MX_StandardSurface.uexp" 200
"../../../Engine/Plugins/Interchange/Assets/Content/Functions/MX_TransmissionSurface.uasset" 201
"../../../Engine/Plugins/Interchange/Assets/Content/Functions/MX_TransmissionSurface.uexp" 202
"../../../Engine/Plugins/Interchange/Assets/Content/Functions/MX_OpenPBR_Translucent.uasset" 203
"../../../Engine/Plugins/Interchange/Assets/Content/Functions/MX_OpenPBR_Translucent.uexp" 204
"../../../Engine/Plugins/Interchange/Assets/Content/Functions/MX_OpenPBR_Opaque.uasset" 205
"../../../Engine/Plugins/Interchange/Assets/Content/Functions/MX_OpenPBR_Opaque.uexp" 206
"../../../Engine/Plugins/Interchange/Assets/Content/Functions/MX_MeasuredEDF.uasset" 207
"../../../Engine/Plugins/Interchange/Assets/Content/Functions/MX_MeasuredEDF.uexp" 208
"../../../Engine/Plugins/Interchange/Assets/Content/Functions/MX_GeneralizedSchlickBSDF.uasset" 209
"../../../Engine/Plugins/Interchange/Assets/Content/Functions/MX_GeneralizedSchlickBSDF.uexp" 210
"../../../Engine/Plugins/Interchange/Assets/Content/Functions/MX_DielectricBSDF.uasset" 211
"../../../Engine/Plugins/Interchange/Assets/Content/Functions/MX_DielectricBSDF.uexp" 212
"../../../Engine/Plugins/Interchange/Assets/Content/Functions/MX_ConicalEDF.uasset" 213
"../../../Engine/Plugins/Interchange/Assets/Content/Functions/MX_ConicalEDF.uexp" 214
"../../../Engine/Plugins/Interchange/Assets/Content/Functions/MX_ConductorBSDF.uasset" 215
"../../../Engine/Plugins/Interchange/Assets/Content/Functions/MX_ConductorBSDF.uexp" 216
"../../../Engine/Plugins/Interchange/Assets/Content/Functions/MX_BurleyDiffuseBSDF.uasset" 217
"../../../Engine/Plugins/Interchange/Assets/Content/Functions/MX_BurleyDiffuseBSDF.uexp" 218
"../../../Engine/Plugins/Interchange/Assets/Content/Functions/MX_AnisotropicVDF.uasset" 219
"../../../Engine/Plugins/Interchange/Assets/Content/Functions/MX_AnisotropicVDF.uexp" 220
"../../../Engine/Plugins/Interchange/Assets/Content/Functions/MX_AbsorptionVDF.uasset" 221
"../../../Engine/Plugins/Interchange/Assets/Content/Functions/MX_AbsorptionVDF.uexp" 222
"../../../Engine/Plugins/Runtime/MeshModelingToolset/Content/Materials/M_DynamicMeshComponentVtxColor.uasset" 223
"../../../Engine/Plugins/Runtime/MeshModelingToolset/Content/Materials/M_DynamicMeshComponentVtxColor.uexp" 224
"../../../Engine/Plugins/Editor/SpeedTreeImporter/Content/SpeedTree9/game_wind_noise.ubulk" 225
"../../../Engine/Plugins/Editor/SpeedTreeImporter/Content/SpeedTree9/game_wind_noise.uasset" 226
"../../../Engine/Plugins/Editor/SpeedTreeImporter/Content/SpeedTree9/game_wind_noise.uexp" 227
"../../../Engine/Plugins/Editor/SpeedTreeImporter/Content/SpeedTree9/UnpackDirection.uasset" 228
"../../../Engine/Plugins/Editor/SpeedTreeImporter/Content/SpeedTree9/UnpackDirection.uexp" 229
"../../../Engine/Content/Functions/Engine_MaterialFunctions02/ObjectLocalBounds.uasset" 230
"../../../Engine/Content/Functions/Engine_MaterialFunctions02/ObjectLocalBounds.uexp" 231
"../../../Engine/Content/Functions/Engine_MaterialFunctions02/Utility/BreakOutFloat3Components.uasset" 232
"../../../Engine/Content/Functions/Engine_MaterialFunctions02/Utility/BreakOutFloat3Components.uexp" 233
"../../../Engine/Content/Functions/Engine_MaterialFunctions02/UVs/BoundingBoxBased_0-1_UVW.uasset" 234
"../../../Engine/Content/Functions/Engine_MaterialFunctions02/UVs/BoundingBoxBased_0-1_UVW.uexp" 235
"../../../Engine/Content/Functions/Engine_MaterialFunctions02/Utility/VectorLength.uasset" 236
"../../../Engine/Content/Functions/Engine_MaterialFunctions02/Utility/VectorLength.uexp" 237
"../../../Engine/Plugins/Editor/SpeedTreeImporter/Content/SpeedTree9/UnpackInteger3.uasset" 238
"../../../Engine/Plugins/Editor/SpeedTreeImporter/Content/SpeedTree9/UnpackInteger3.uexp" 239
"../../../Engine/Plugins/Editor/SpeedTreeImporter/Content/SpeedTree9/SpeedTreeCameraFacing.uasset" 240
"../../../Engine/Plugins/Editor/SpeedTreeImporter/Content/SpeedTree9/SpeedTreeCameraFacing.uexp" 241
"../../../Engine/Content/Functions/Engine_MaterialFunctions02/WorldPositionOffset/ObjectScale.uasset" 242
"../../../Engine/Content/Functions/Engine_MaterialFunctions02/WorldPositionOffset/ObjectScale.uexp" 243
"../../../Engine/Content/Functions/Engine_MaterialFunctions02/SafeNormalize.uasset" 244
"../../../Engine/Content/Functions/Engine_MaterialFunctions02/SafeNormalize.uexp" 245
"../../../Engine/Plugins/Editor/SpeedTreeImporter/Content/SpeedTree9/SpeedTreeWindMotion.uasset" 246
"../../../Engine/Plugins/Editor/SpeedTreeImporter/Content/SpeedTree9/SpeedTreeWindMotion.uexp" 247
"../../../Engine/Plugins/Editor/SpeedTreeImporter/Content/SpeedTree9/SpeedTreeBranchMotion.uasset" 248
"../../../Engine/Plugins/Editor/SpeedTreeImporter/Content/SpeedTree9/SpeedTreeBranchMotion.uexp" 249
"../../../Engine/Plugins/Editor/SpeedTreeImporter/Content/SpeedTree9/SpeedTreeWind.uasset" 250
"../../../Engine/Plugins/Editor/SpeedTreeImporter/Content/SpeedTree9/SpeedTreeWind.uexp" 251
"../../../Engine/Plugins/Editor/SpeedTreeImporter/Content/SpeedTree9/EmptyNormal.uasset" 252
"../../../Engine/Plugins/Editor/SpeedTreeImporter/Content/SpeedTree9/EmptyNormal.uexp" 253
"../../../Engine/Plugins/Editor/SpeedTreeImporter/Content/SpeedTree9/Empty.uasset" 254
"../../../Engine/Plugins/Editor/SpeedTreeImporter/Content/SpeedTree9/Empty.uexp" 255
"../../../Engine/Plugins/Editor/SpeedTreeImporter/Content/SpeedTree9/SpeedTreeMaster.uasset" 256
"../../../Engine/Plugins/Editor/SpeedTreeImporter/Content/SpeedTree9/SpeedTreeMaster.uexp" 257
"../../../Engine/Plugins/Editor/SpeedTreeImporter/Content/SpeedTree9/SpeedTreeBillboard.uasset" 258
"../../../Engine/Plugins/Editor/SpeedTreeImporter/Content/SpeedTree9/SpeedTreeBillboard.uexp" 259
"../../../Engine/Plugins/Editor/SpeedTreeImporter/Content/SpeedTree9/SpeedTreeBillboardMaster.uasset" 260
"../../../Engine/Plugins/Editor/SpeedTreeImporter/Content/SpeedTree9/SpeedTreeBillboardMaster.uexp" 261
"../../../Engine/Plugins/Animation/ControlRig/Content/Controls/ControlRigXRayMaterial.uasset" 262
"../../../Engine/Plugins/Animation/ControlRig/Content/Controls/ControlRigXRayMaterial.uexp" 263
"../../../Engine/Plugins/Animation/ControlRig/Content/Controls/ControlRigGizmoMaterial.uasset" 264
"../../../Engine/Plugins/Animation/ControlRig/Content/Controls/ControlRigGizmoMaterial.uexp" 265
"../../../Engine/Content/EngineMaterials/RemoveSurfaceMaterial.uasset" 266
"../../../Engine/Content/EngineMaterials/RemoveSurfaceMaterial.uexp" 267
"../../../Engine/Content/EngineMaterials/DefaultCalibrationGrayscale.uasset" 268
"../../../Engine/Content/EngineMaterials/DefaultCalibrationGrayscale.uexp" 269
"../../../Engine/Content/EngineMaterials/PPM_DefaultCalibrationGrayscale.uasset" 270
"../../../Engine/Content/EngineMaterials/PPM_DefaultCalibrationGrayscale.uexp" 271
"../../../Engine/Content/EngineMaterials/DefaultCalibrationColor.uasset" 272
"../../../Engine/Content/EngineMaterials/DefaultCalibrationColor.uexp" 273
"../../../Engine/Content/EngineMaterials/PPM_DefaultCalibrationColor.uasset" 274
"../../../Engine/Content/EngineMaterials/PPM_DefaultCalibrationColor.uexp" 275
"../../../Engine/Content/EngineMaterials/PhAT_JointLimitMaterial.uasset" 276
"../../../Engine/Content/EngineMaterials/PhAT_JointLimitMaterial.uexp" 277
"../../../Engine/Content/EngineMaterials/NaniteHiddenSectionMaterial.uasset" 278
"../../../Engine/Content/EngineMaterials/NaniteHiddenSectionMaterial.uexp" 279
"../../../Engine/Content/EngineMaterials/InvalidLightmapSettings.ubulk" 280
"../../../Engine/Content/EngineMaterials/InvalidLightmapSettings.uasset" 281
"../../../Engine/Content/EngineMaterials/InvalidLightmapSettings.uexp" 282
"../../../Engine/Content/EngineMaterials/M_InvalidLightmapSettings.uasset" 283
"../../../Engine/Content/EngineMaterials/M_InvalidLightmapSettings.uexp" 284
"../../../Engine/Content/EngineMaterials/GizmoMaterial.uasset" 285
"../../../Engine/Content/EngineMaterials/GizmoMaterial.uexp" 286
"../../../Engine/Content/EngineMaterials/BaseFlattenEmissiveMap_VT.uasset" 287
"../../../Engine/Content/EngineMaterials/BaseFlattenEmissiveMap_VT.uexp" 288
"../../../Engine/Content/EngineMaterials/BaseFlattenGrayscaleMap_VT.uasset" 289
"../../../Engine/Content/EngineMaterials/BaseFlattenGrayscaleMap_VT.uexp" 290
"../../../Engine/Content/EngineMaterials/BaseFlattenLinearColor_VT.uasset" 291
"../../../Engine/Content/EngineMaterials/BaseFlattenLinearColor_VT.uexp" 292
"../../../Engine/Content/EngineMaterials/Black_1x1_EXR_Texture_VT.uasset" 293
"../../../Engine/Content/EngineMaterials/Black_1x1_EXR_Texture_VT.uexp" 294
"../../../Engine/Content/EngineMaterials/BaseFlattenDiffuseMap_VT.uasset" 295
"../../../Engine/Content/EngineMaterials/BaseFlattenDiffuseMap_VT.uexp" 296
"../../../Engine/Content/EngineMaterials/BaseFlattenNormalMap_VT.uasset" 297
"../../../Engine/Content/EngineMaterials/BaseFlattenNormalMap_VT.uexp" 298
"../../../Engine/Content/EngineMaterials/FlattenMaterial_WS_Normal_VT.uasset" 299
"../../../Engine/Content/EngineMaterials/FlattenMaterial_WS_Normal_VT.uexp" 300
"../../../Engine/Content/EngineMaterials/FlattenMaterial_VT.uasset" 301
"../../../Engine/Content/EngineMaterials/FlattenMaterial_VT.uexp" 302
"../../../Engine/Content/EngineMaterials/BaseFlattenNormalMap.uasset" 303
"../../../Engine/Content/EngineMaterials/BaseFlattenNormalMap.uexp" 304
"../../../Engine/Content/EngineMaterials/BaseFlattenGrayscaleMap.uasset" 305
"../../../Engine/Content/EngineMaterials/BaseFlattenGrayscaleMap.uexp" 306
"../../../Engine/Content/EngineMaterials/BaseFlattenDiffuseMap.uasset" 307
"../../../Engine/Content/EngineMaterials/BaseFlattenDiffuseMap.uexp" 308
"../../../Engine/Content/Functions/Engine_MaterialFunctions02/PivotPainter2/Black_1x1_EXR_Texture.uasset" 309
"../../../Engine/Content/Functions/Engine_MaterialFunctions02/PivotPainter2/Black_1x1_EXR_Texture.uexp" 310
"../../../Engine/Content/EngineMaterials/BaseFlattenEmissiveMap.uasset" 311
"../../../Engine/Content/EngineMaterials/BaseFlattenEmissiveMap.uexp" 312
"../../../Engine/Content/EngineMaterials/BaseFlattenLinearColor.uasset" 313
"../../../Engine/Content/EngineMaterials/BaseFlattenLinearColor.uexp" 314
"../../../Engine/Content/EngineMaterials/FlattenMaterial.uasset" 315
"../../../Engine/Content/EngineMaterials/FlattenMaterial.uexp" 316
"../../../Engine/Content/EngineMaterials/DefaultWhiteGrid_Low.uasset" 317
"../../../Engine/Content/EngineMaterials/DefaultWhiteGrid_Low.uexp" 318
"../../../Engine/Content/EngineMaterials/EmissiveMeshMaterial.uasset" 319
"../../../Engine/Content/EngineMaterials/EmissiveMeshMaterial.uexp" 320
"../../../Engine/Content/EngineFonts/RobotoDistanceField.uasset" 321
"../../../Engine/Content/EngineFonts/RobotoDistanceField.uexp" 322
"../../../Engine/Content/EngineMaterials/DefaultTextMaterialOpaque.uasset" 323
"../../../Engine/Content/EngineMaterials/DefaultTextMaterialOpaque.uexp" 324
"../../../Engine/Content/EngineMaterials/DefaultDiffuse.ubulk" 325
"../../../Engine/Content/EngineMaterials/DefaultDiffuse.uasset" 326
"../../../Engine/Content/EngineMaterials/DefaultDiffuse.uexp" 327
"../../../Engine/Content/Functions/Engine_MaterialFunctions02/Utility/BreakOutFloat2Components.uasset" 328
"../../../Engine/Content/Functions/Engine_MaterialFunctions02/Utility/BreakOutFloat2Components.uexp" 329
"../../../Engine/Content/EngineMaterials/DefaultPostProcessMaterial.uasset" 330
"../../../Engine/Content/EngineMaterials/DefaultPostProcessMaterial.uexp" 331
"../../../Engine/Content/EngineMaterials/DefaultLightFunctionMaterial.uasset" 332
"../../../Engine/Content/EngineMaterials/DefaultLightFunctionMaterial.uexp" 333
"../../../Engine/Content/EngineMaterials/DefaultDeferredDecalMaterial.uasset" 334
"../../../Engine/Content/EngineMaterials/DefaultDeferredDecalMaterial.uexp" 335
"../../../Engine/Content/Functions/Engine_MaterialFunctions02/Utility/CameraDirectionVector.uasset" 336
"../../../Engine/Content/Functions/Engine_MaterialFunctions02/Utility/CameraDirectionVector.uexp" 337
"../../../Engine/Content/EngineDebugMaterials/VolumeToRender.uasset" 338
"../../../Engine/Content/EngineDebugMaterials/VolumeToRender.uexp" 339
"../../../Engine/Content/EngineDebugMaterials/M_VolumeRenderSphereTracePP.uasset" 340
"../../../Engine/Content/EngineDebugMaterials/M_VolumeRenderSphereTracePP.uexp" 341
"../../../Engine/Content/EngineDebugMaterials/M_SimpleUnlitTranslucent.uasset" 342
"../../../Engine/Content/EngineDebugMaterials/M_SimpleUnlitTranslucent.uexp" 343
"../../../Engine/Content/EngineDebugMaterials/DebugMeshMaterial.uasset" 344
"../../../Engine/Content/EngineDebugMaterials/DebugMeshMaterial.uexp" 345
"../../../Engine/Content/EngineDebugMaterials/DebugEditorMaterial.uasset" 346
"../../../Engine/Content/EngineDebugMaterials/DebugEditorMaterial.uexp" 347
"../../../Engine/Content/EditorMaterials/PreviewShadowIndicator.ubulk" 348
"../../../Engine/Content/EditorMaterials/PreviewShadowIndicator.uasset" 349
"../../../Engine/Content/EditorMaterials/PreviewShadowIndicator.uexp" 350
"../../../Engine/Content/EditorMaterials/PreviewShadowIndicatorMaterial.uasset" 351
"../../../Engine/Content/EditorMaterials/PreviewShadowIndicatorMaterial.uexp" 352
"../../../Engine/Content/EditorMaterials/PhAT_UnselectedMaterial.uasset" 353
"../../../Engine/Content/EditorMaterials/PhAT_UnselectedMaterial.uexp" 354
"../../../Engine/Content/EditorMaterials/PhAT_NoCollisionMaterial.uasset" 355
"../../../Engine/Content/EditorMaterials/PhAT_NoCollisionMaterial.uexp" 356
"../../../Engine/Content/BasicShapes/BasicShapeMaterial.uasset" 357
"../../../Engine/Content/BasicShapes/BasicShapeMaterial.uexp" 358
"../../../Engine/Content/Functions/Engine_MaterialFunctions01/Shading/PowerToRoughness.uasset" 359
"../../../Engine/Content/Functions/Engine_MaterialFunctions01/Shading/PowerToRoughness.uexp" 360
"../../../Engine/Content/Functions/Engine_MaterialFunctions01/Shading/ConvertFromDiffSpec.uasset" 361
"../../../Engine/Content/Functions/Engine_MaterialFunctions01/Shading/ConvertFromDiffSpec.uexp" 362
"../../../Engine/Content/EngineMaterials/Substrate/Volume/SubstrateSimpleVolumeLUT3D.uasset" 363
"../../../Engine/Content/EngineMaterials/Substrate/Volume/SubstrateSimpleVolumeLUT3D.uexp" 364
"../../../Engine/Content/EngineMaterials/Substrate/Volume/SubstrateSimpleVolumeEnvLUT3D.uasset" 365
"../../../Engine/Content/EngineMaterials/Substrate/Volume/SubstrateSimpleVolumeEnvLUT3D.uexp" 366
"../../../Engine/Content/EngineMaterials/Substrate/GLints2/AGlintTex2dArray2.uasset" 367
"../../../Engine/Content/EngineMaterials/Substrate/GLints2/AGlintTex2dArray2.uexp" 368
"../../../Engine/Content/EngineMaterials/Substrate/GLints/AGlintTex2dArray.uasset" 369
"../../../Engine/Content/EngineMaterials/Substrate/GLints/AGlintTex2dArray.uexp" 370
"../../../Engine/Content/EditorMaterials/Dataflow/DataflowVertexMaterial.uasset" 371
"../../../Engine/Content/EditorMaterials/Dataflow/DataflowVertexMaterial.uexp" 372
"../../../Engine/Content/EditorMaterials/Dataflow/DataflowTwoSidedVertexMaterial.uasset" 373
"../../../Engine/Content/EditorMaterials/Dataflow/DataflowTwoSidedVertexMaterial.uexp" 374
"../../../Engine/Content/EngineSky/VolumetricClouds/T_CloudMask.ubulk" 375
"../../../Engine/Content/EngineSky/VolumetricClouds/T_CloudMask.uasset" 376
"../../../Engine/Content/EngineSky/VolumetricClouds/T_CloudMask.uexp" 377
"../../../Engine/Content/EngineSky/VolumetricClouds/VT_Lightning.uasset" 378
"../../../Engine/Content/EngineSky/VolumetricClouds/VT_Lightning.uexp" 379
"../../../Engine/Content/EngineSky/VolumetricClouds/T_Profile_08.ubulk" 380
"../../../Engine/Content/EngineSky/VolumetricClouds/T_Profile_08.uasset" 381
"../../../Engine/Content/EngineSky/VolumetricClouds/T_Profile_08.uexp" 382
"../../../Engine/Content/Functions/Engine_MaterialFunctions02/Utility/MakeFloat4.uasset" 383
"../../../Engine/Content/Functions/Engine_MaterialFunctions02/Utility/MakeFloat4.uexp" 384
"../../../Engine/Content/Functions/Engine_MaterialFunctions01/Units/Km-to-Cm.uasset" 385
"../../../Engine/Content/Functions/Engine_MaterialFunctions01/Units/Km-to-Cm.uexp" 386
"../../../Engine/Content/Functions/Engine_MaterialFunctions02/Utility/BreakOutFloat4Components.uasset" 387
"../../../Engine/Content/Functions/Engine_MaterialFunctions02/Utility/BreakOutFloat4Components.uexp" 388
"../../../Engine/Content/EngineSky/VolumetricClouds/T_CloudPattern.ubulk" 389
"../../../Engine/Content/EngineSky/VolumetricClouds/T_CloudPattern.uasset" 390
"../../../Engine/Content/EngineSky/VolumetricClouds/T_CloudPattern.uexp" 391
"../../../Engine/Content/EngineSky/VolumetricClouds/VT_PerlinWorley_Balanced.uasset" 392
"../../../Engine/Content/EngineSky/VolumetricClouds/VT_PerlinWorley_Balanced.uexp" 393
"../../../Engine/Content/EngineSky/VolumetricClouds/m_SimpleVolumetricCloud.uasset" 394
"../../../Engine/Content/EngineSky/VolumetricClouds/m_SimpleVolumetricCloud.uexp" 395
"../../../Engine/Content/EngineSky/VolumetricClouds/m_SimpleVolumetricCloud_Inst.uasset" 396
"../../../Engine/Content/EngineSky/VolumetricClouds/m_SimpleVolumetricCloud_Inst.uexp" 397
"../../../Engine/Content/VREditor/LaserPointer/VR_LaserPower_01.ubulk" 398
"../../../Engine/Content/VREditor/LaserPointer/VR_LaserPower_01.uasset" 399
"../../../Engine/Content/VREditor/LaserPointer/VR_LaserPower_01.uexp" 400
"../../../Engine/Content/VREditor/TransformGizmo/TransformGizmoMaterial.uasset" 401
"../../../Engine/Content/VREditor/TransformGizmo/TransformGizmoMaterial.uexp" 402
"../../../Engine/Content/VREditor/TransformGizmo/TranslucentTransformGizmoMaterial.uasset" 403
"../../../Engine/Content/VREditor/TransformGizmo/TranslucentTransformGizmoMaterial.uexp" 404
"../../../Engine/Content/VREditor/TransformGizmo/BoundingBoxCorner.ubulk" 405
"../../../Engine/Content/VREditor/TransformGizmo/BoundingBoxCorner.uasset" 406
"../../../Engine/Content/VREditor/TransformGizmo/BoundingBoxCorner.uexp" 407
"../../../Engine/Content/VREditor/TransformGizmo/BoundingBoxEdge.ubulk" 408
"../../../Engine/Content/VREditor/TransformGizmo/BoundingBoxEdge.uasset" 409
"../../../Engine/Content/VREditor/TransformGizmo/BoundingBoxEdge.uexp" 410
"../../../Engine/Content/VREditor/TransformGizmo/Main.uasset" 411
"../../../Engine/Content/VREditor/TransformGizmo/Main.uexp" 412
"../../../Engine/Content/VREditor/TransformGizmo/Xray.uasset" 413
"../../../Engine/Content/VREditor/TransformGizmo/Xray.uexp" 414
"../../../Engine/Content/VREditor/TransformGizmo/SM_Sequencer_Node.ubulk" 415
"../../../Engine/Content/VREditor/TransformGizmo/SM_Sequencer_Node.uasset" 416
"../../../Engine/Content/VREditor/TransformGizmo/SM_Sequencer_Node.uexp" 417
"../../../Engine/Content/EngineMeshes/Sphere.ubulk" 418
"../../../Engine/Content/EngineMeshes/Sphere.uasset" 419
"../../../Engine/Content/EngineMeshes/Sphere.uexp" 420
"../../../Engine/Content/Functions/Engine_MaterialFunctions02/Math/Transform3x3Matrix.uasset" 421
"../../../Engine/Content/Functions/Engine_MaterialFunctions02/Math/Transform3x3Matrix.uexp" 422
"../../../Engine/Plugins/Interchange/Assets/Content/gltf/Textures/T_White_srgb.uasset" 423
"../../../Engine/Plugins/Interchange/Assets/Content/gltf/Textures/T_White_srgb.uexp" 424
"../../../Engine/Plugins/Interchange/Assets/Content/gltf/MaterialFunctions/MF_Specular.uasset" 425
"../../../Engine/Plugins/Interchange/Assets/Content/gltf/MaterialFunctions/MF_Specular.uexp" 426
"../../../Engine/Plugins/Interchange/Assets/Content/gltf/Textures/T_Anisotropy_Direction_Linear.uasset" 427
"../../../Engine/Plugins/Interchange/Assets/Content/gltf/Textures/T_Anisotropy_Direction_Linear.uexp" 428
"../../../Engine/Plugins/Interchange/Assets/Content/gltf/MaterialFunctions/MF_SpecularAnisotropy.uasset" 429
"../../../Engine/Plugins/Interchange/Assets/Content/gltf/MaterialFunctions/MF_SpecularAnisotropy.uexp" 430
"../../../Engine/Plugins/Interchange/Assets/Content/gltf/Textures/T_White_Linear.uasset" 431
"../../../Engine/Plugins/Interchange/Assets/Content/gltf/Textures/T_White_Linear.uexp" 432
"../../../Engine/Plugins/Interchange/Assets/Content/gltf/MaterialFunctions/MF_MetallicRoughness.uasset" 433
"../../../Engine/Plugins/Interchange/Assets/Content/gltf/MaterialFunctions/MF_MetallicRoughness.uexp" 434
"../../../Engine/Plugins/Interchange/Assets/Content/gltf/Textures/T_Generic_N.uasset" 435
"../../../Engine/Plugins/Interchange/Assets/Content/gltf/Textures/T_Generic_N.uexp" 436
"../../../Engine/Plugins/Interchange/Assets/Content/gltf/MaterialFunctions/MF_ScaleNormal.uasset" 437
"../../../Engine/Plugins/Interchange/Assets/Content/gltf/MaterialFunctions/MF_ScaleNormal.uexp" 438
"../../../Engine/Plugins/Interchange/Assets/Content/gltf/MaterialFunctions/MF_BaseColor.uasset" 439
"../../../Engine/Plugins/Interchange/Assets/Content/gltf/MaterialFunctions/MF_BaseColor.uexp" 440
"../../../Engine/Plugins/Interchange/Assets/Content/gltf/MaterialFunctions/MF_Iridescence.uasset" 441
"../../../Engine/Plugins/Interchange/Assets/Content/gltf/MaterialFunctions/MF_Iridescence.uexp" 442
"../../../Engine/Plugins/Interchange/Assets/Content/gltf/MaterialFunctions/MF_Occlusion.uasset" 443
"../../../Engine/Plugins/Interchange/Assets/Content/gltf/MaterialFunctions/MF_Occlusion.uexp" 444
"../../../Engine/Plugins/Interchange/Assets/Content/gltf/MaterialFunctions/MF_IOR.uasset" 445
"../../../Engine/Plugins/Interchange/Assets/Content/gltf/MaterialFunctions/MF_IOR.uexp" 446
"../../../Engine/Plugins/Interchange/Assets/Content/gltf/MaterialFunctions/MF_RotateV2.uasset" 447
"../../../Engine/Plugins/Interchange/Assets/Content/gltf/MaterialFunctions/MF_RotateV2.uexp" 448
"../../../Engine/Plugins/Interchange/Assets/Content/gltf/MaterialFunctions/MF_TransformUVs.uasset" 449
"../../../Engine/Plugins/Interchange/Assets/Content/gltf/MaterialFunctions/MF_TransformUVs.uexp" 450
"../../../Engine/Plugins/Interchange/Assets/Content/gltf/MaterialFunctions/MF_Emissive.uasset" 451
"../../../Engine/Plugins/Interchange/Assets/Content/gltf/MaterialFunctions/MF_Emissive.uexp" 452
"../../../Engine/Plugins/Interchange/Assets/Content/gltf/MaterialFunctions/MF_RotateNormals_TS.uasset" 453
"../../../Engine/Plugins/Interchange/Assets/Content/gltf/MaterialFunctions/MF_RotateNormals_TS.uexp" 454
"../../../Engine/Plugins/Interchange/Assets/Content/gltf/MaterialFunctions/MF_Normals.uasset" 455
"../../../Engine/Plugins/Interchange/Assets/Content/gltf/MaterialFunctions/MF_Normals.uexp" 456
"../../../Engine/Content/Functions/Engine_MaterialFunctions01/Texturing/FlattenNormal.uasset" 457
"../../../Engine/Content/Functions/Engine_MaterialFunctions01/Texturing/FlattenNormal.uexp" 458
"../../../Engine/Plugins/Interchange/Assets/Content/gltf/MaterialFunctions/MF_Clearcoat.uasset" 459
"../../../Engine/Plugins/Interchange/Assets/Content/gltf/MaterialFunctions/MF_Clearcoat.uexp" 460
"../../../Engine/Plugins/Interchange/Assets/Content/gltf/MaterialBodies/MF_ClearCoat_Body.uasset" 461
"../../../Engine/Plugins/Interchange/Assets/Content/gltf/MaterialBodies/MF_ClearCoat_Body.uexp" 462
"../../../Engine/Plugins/Interchange/Assets/Content/gltf/M_ClearCoat.uasset" 463
"../../../Engine/Plugins/Interchange/Assets/Content/gltf/M_ClearCoat.uexp" 464
"../../../Engine/Plugins/Interchange/Assets/Content/gltf/MaterialInstances/MI_ClearCoat_Blend.uasset" 465
"../../../Engine/Plugins/Interchange/Assets/Content/gltf/MaterialInstances/MI_ClearCoat_Blend.uexp" 466
"../../../Engine/Plugins/Interchange/Assets/Content/gltf/MaterialInstances/MI_ClearCoat_Blend_DS.uasset" 467
"../../../Engine/Plugins/Interchange/Assets/Content/gltf/MaterialInstances/MI_ClearCoat_Blend_DS.uexp" 468
"../../../Engine/Plugins/Interchange/Assets/Content/gltf/MaterialInstances/MI_ClearCoat_Mask.uasset" 469
"../../../Engine/Plugins/Interchange/Assets/Content/gltf/MaterialInstances/MI_ClearCoat_Mask.uexp" 470
"../../../Engine/Plugins/Interchange/Assets/Content/gltf/MaterialInstances/MI_ClearCoat_Mask_DS.uasset" 471
"../../../Engine/Plugins/Interchange/Assets/Content/gltf/MaterialInstances/MI_ClearCoat_Mask_DS.uexp" 472
"../../../Engine/Plugins/Interchange/Assets/Content/gltf/MaterialInstances/MI_ClearCoat_Opaque.uasset" 473
"../../../Engine/Plugins/Interchange/Assets/Content/gltf/MaterialInstances/MI_ClearCoat_Opaque.uexp" 474
"../../../Engine/Plugins/Interchange/Assets/Content/gltf/MaterialInstances/MI_ClearCoat_Opaque_DS.uasset" 475
"../../../Engine/Plugins/Interchange/Assets/Content/gltf/MaterialInstances/MI_ClearCoat_Opaque_DS.uexp" 476
"../../../Engine/Plugins/Interchange/Assets/Content/gltf/MaterialBodies/MF_Default_Body.uasset" 477
"../../../Engine/Plugins/Interchange/Assets/Content/gltf/MaterialBodies/MF_Default_Body.uexp" 478
"../../../Engine/Plugins/Interchange/Assets/Content/gltf/M_Default.uasset" 479
"../../../Engine/Plugins/Interchange/Assets/Content/gltf/M_Default.uexp" 480
"../../../Engine/Plugins/Interchange/Assets/Content/gltf/MaterialInstances/MI_Default_Blend.uasset" 481
"../../../Engine/Plugins/Interchange/Assets/Content/gltf/MaterialInstances/MI_Default_Blend.uexp" 482
"../../../Engine/Plugins/Interchange/Assets/Content/gltf/MaterialInstances/MI_Default_Blend_DS.uasset" 483
"../../../Engine/Plugins/Interchange/Assets/Content/gltf/MaterialInstances/MI_Default_Blend_DS.uexp" 484
"../../../Engine/Plugins/Interchange/Assets/Content/gltf/MaterialInstances/MI_Default_Mask.uasset" 485
"../../../Engine/Plugins/Interchange/Assets/Content/gltf/MaterialInstances/MI_Default_Mask.uexp" 486
"../../../Engine/Plugins/Interchange/Assets/Content/gltf/MaterialInstances/MI_Default_Mask_DS.uasset" 487
"../../../Engine/Plugins/Interchange/Assets/Content/gltf/MaterialInstances/MI_Default_Mask_DS.uexp" 488
"../../../Engine/Plugins/Interchange/Assets/Content/gltf/MaterialInstances/MI_Default_Opaque.uasset" 489
"../../../Engine/Plugins/Interchange/Assets/Content/gltf/MaterialInstances/MI_Default_Opaque.uexp" 490
"../../../Engine/Plugins/Interchange/Assets/Content/gltf/MaterialInstances/MI_Default_Opaque_DS.uasset" 491
"../../../Engine/Plugins/Interchange/Assets/Content/gltf/MaterialInstances/MI_Default_Opaque_DS.uexp" 492
"../../../Engine/Plugins/Interchange/Assets/Content/gltf/MaterialFunctions/MF_Sheen.uasset" 493
"../../../Engine/Plugins/Interchange/Assets/Content/gltf/MaterialFunctions/MF_Sheen.uexp" 494
"../../../Engine/Plugins/Interchange/Assets/Content/gltf/MaterialBodies/MF_Sheen_Body.uasset" 495
"../../../Engine/Plugins/Interchange/Assets/Content/gltf/MaterialBodies/MF_Sheen_Body.uexp" 496
"../../../Engine/Plugins/Interchange/Assets/Content/gltf/M_Sheen.uasset" 497
"../../../Engine/Plugins/Interchange/Assets/Content/gltf/M_Sheen.uexp" 498
"../../../Engine/Plugins/Interchange/Assets/Content/gltf/MaterialInstances/MI_Sheen_Blend.uasset" 499
"../../../Engine/Plugins/Interchange/Assets/Content/gltf/MaterialInstances/MI_Sheen_Blend.uexp" 500
"../../../Engine/Plugins/Interchange/Assets/Content/gltf/MaterialInstances/MI_Sheen_Blend_DS.uasset" 501
"../../../Engine/Plugins/Interchange/Assets/Content/gltf/MaterialInstances/MI_Sheen_Blend_DS.uexp" 502
"../../../Engine/Plugins/Interchange/Assets/Content/gltf/MaterialInstances/MI_Sheen_Mask.uasset" 503
"../../../Engine/Plugins/Interchange/Assets/Content/gltf/MaterialInstances/MI_Sheen_Mask.uexp" 504
"../../../Engine/Plugins/Interchange/Assets/Content/gltf/MaterialInstances/MI_Sheen_Mask_DS.uasset" 505
"../../../Engine/Plugins/Interchange/Assets/Content/gltf/MaterialInstances/MI_Sheen_Mask_DS.uexp" 506
"../../../Engine/Plugins/Interchange/Assets/Content/gltf/MaterialInstances/MI_Sheen_Opaque.uasset" 507
"../../../Engine/Plugins/Interchange/Assets/Content/gltf/MaterialInstances/MI_Sheen_Opaque.uexp" 508
"../../../Engine/Plugins/Interchange/Assets/Content/gltf/MaterialInstances/MI_Sheen_Opaque_DS.uasset" 509
"../../../Engine/Plugins/Interchange/Assets/Content/gltf/MaterialInstances/MI_Sheen_Opaque_DS.uexp" 510
"../../../Engine/Content/Functions/Engine_MaterialFunctions02/Math/AddComponents.uasset" 511
"../../../Engine/Content/Functions/Engine_MaterialFunctions02/Math/AddComponents.uexp" 512
"../../../Engine/Plugins/Interchange/Assets/Content/gltf/MaterialFunctions/MF_DiffuseSpecGloss.uasset" 513
"../../../Engine/Plugins/Interchange/Assets/Content/gltf/MaterialFunctions/MF_DiffuseSpecGloss.uexp" 514
"../../../Engine/Plugins/Interchange/Assets/Content/gltf/MaterialFunctions/MF_PerceivedBrightness.uasset" 515
"../../../Engine/Plugins/Interchange/Assets/Content/gltf/MaterialFunctions/MF_PerceivedBrightness.uexp" 516
"../../../Engine/Plugins/Interchange/Assets/Content/gltf/MaterialFunctions/MF_SpecGlossToMetalRoughness.uasset" 517
"../../../Engine/Plugins/Interchange/Assets/Content/gltf/MaterialFunctions/MF_SpecGlossToMetalRoughness.uexp" 518
"../../../Engine/Plugins/Interchange/Assets/Content/gltf/MaterialFunctions/MF_MaxComponentValue.uasset" 519
"../../../Engine/Plugins/Interchange/Assets/Content/gltf/MaterialFunctions/MF_MaxComponentValue.uexp" 520
"../../../Engine/Plugins/Interchange/Assets/Content/gltf/MaterialBodies/MF_SpecularGlossiness_Body.uasset" 521
"../../../Engine/Plugins/Interchange/Assets/Content/gltf/MaterialBodies/MF_SpecularGlossiness_Body.uexp" 522
"../../../Engine/Plugins/Interchange/Assets/Content/gltf/M_SpecularGlossiness.uasset" 523
"../../../Engine/Plugins/Interchange/Assets/Content/gltf/M_SpecularGlossiness.uexp" 524
"../../../Engine/Plugins/Interchange/Assets/Content/gltf/MaterialInstances/MI_SpecularGlossiness_Blend.uasset" 525
"../../../Engine/Plugins/Interchange/Assets/Content/gltf/MaterialInstances/MI_SpecularGlossiness_Blend.uexp" 526
"../../../Engine/Plugins/Interchange/Assets/Content/gltf/MaterialInstances/MI_SpecularGlossiness_Blend_DS.uasset" 527
"../../../Engine/Plugins/Interchange/Assets/Content/gltf/MaterialInstances/MI_SpecularGlossiness_Blend_DS.uexp" 528
"../../../Engine/Plugins/Interchange/Assets/Content/gltf/MaterialInstances/MI_SpecularGlossiness_Mask.uasset" 529
"../../../Engine/Plugins/Interchange/Assets/Content/gltf/MaterialInstances/MI_SpecularGlossiness_Mask.uexp" 530
"../../../Engine/Plugins/Interchange/Assets/Content/gltf/MaterialInstances/MI_SpecularGlossiness_Mask_DS.uasset" 531
"../../../Engine/Plugins/Interchange/Assets/Content/gltf/MaterialInstances/MI_SpecularGlossiness_Mask_DS.uexp" 532
"../../../Engine/Plugins/Interchange/Assets/Content/gltf/MaterialInstances/MI_SpecularGlossiness_Opaque.uasset" 533
"../../../Engine/Plugins/Interchange/Assets/Content/gltf/MaterialInstances/MI_SpecularGlossiness_Opaque.uexp" 534
"../../../Engine/Plugins/Interchange/Assets/Content/gltf/MaterialInstances/MI_SpecularGlossiness_Opaque_DS.uasset" 535
"../../../Engine/Plugins/Interchange/Assets/Content/gltf/MaterialInstances/MI_SpecularGlossiness_Opaque_DS.uexp" 536
"../../../Engine/Content/EngineMaterials/Good64x64TilingNoiseHighFreq.uasset" 537
"../../../Engine/Content/EngineMaterials/Good64x64TilingNoiseHighFreq.uexp" 538
"../../../Engine/Content/Functions/Engine_MaterialFunctions02/Texturing/ScreenAlignedPixelToPixelUVs.uasset" 539
"../../../Engine/Content/Functions/Engine_MaterialFunctions02/Texturing/ScreenAlignedPixelToPixelUVs.uexp" 540
"../../../Engine/Plugins/Interchange/Assets/Content/gltf/MaterialFunctions/MF_Temporal_Blur.uasset" 541
"../../../Engine/Plugins/Interchange/Assets/Content/gltf/MaterialFunctions/MF_Temporal_Blur.uexp" 542
"../../../Engine/Plugins/Interchange/Assets/Content/gltf/MaterialFunctions/MF_Fresnel_DS.uasset" 543
"../../../Engine/Plugins/Interchange/Assets/Content/gltf/MaterialFunctions/MF_Fresnel_DS.uexp" 544
"../../../Engine/Plugins/Interchange/Assets/Content/gltf/MaterialFunctions/MF_Transmission.uasset" 545
"../../../Engine/Plugins/Interchange/Assets/Content/gltf/MaterialFunctions/MF_Transmission.uexp" 546
"../../../Engine/Plugins/Interchange/Assets/Content/gltf/MaterialBodies/MF_Transmission_Body.uasset" 547
"../../../Engine/Plugins/Interchange/Assets/Content/gltf/MaterialBodies/MF_Transmission_Body.uexp" 548
"../../../Engine/Plugins/Interchange/Assets/Content/gltf/M_Transmission.uasset" 549
"../../../Engine/Plugins/Interchange/Assets/Content/gltf/M_Transmission.uexp" 550
"../../../Engine/Plugins/Interchange/Assets/Content/gltf/MaterialInstances/MI_Transmission.uasset" 551
"../../../Engine/Plugins/Interchange/Assets/Content/gltf/MaterialInstances/MI_Transmission.uexp" 552
"../../../Engine/Plugins/Interchange/Assets/Content/gltf/MaterialInstances/MI_Transmission_DS.uasset" 553
"../../../Engine/Plugins/Interchange/Assets/Content/gltf/MaterialInstances/MI_Transmission_DS.uexp" 554
"../../../Engine/Plugins/Interchange/Assets/Content/gltf/MaterialBodies/MF_Unlit_Body.uasset" 555
"../../../Engine/Plugins/Interchange/Assets/Content/gltf/MaterialBodies/MF_Unlit_Body.uexp" 556
"../../../Engine/Plugins/Interchange/Assets/Content/gltf/M_Unlit.uasset" 557
"../../../Engine/Plugins/Interchange/Assets/Content/gltf/M_Unlit.uexp" 558
"../../../Engine/Plugins/Interchange/Assets/Content/gltf/MaterialInstances/MI_Unlit_Blend.uasset" 559
"../../../Engine/Plugins/Interchange/Assets/Content/gltf/MaterialInstances/MI_Unlit_Blend.uexp" 560
"../../../Engine/Plugins/Interchange/Assets/Content/gltf/MaterialInstances/MI_Unlit_Blend_DS.uasset" 561
"../../../Engine/Plugins/Interchange/Assets/Content/gltf/MaterialInstances/MI_Unlit_Blend_DS.uexp" 562
"../../../Engine/Plugins/Interchange/Assets/Content/gltf/MaterialInstances/MI_Unlit_Mask.uasset" 563
"../../../Engine/Plugins/Interchange/Assets/Content/gltf/MaterialInstances/MI_Unlit_Mask.uexp" 564
"../../../Engine/Plugins/Interchange/Assets/Content/gltf/MaterialInstances/MI_Unlit_Mask_DS.uasset" 565
"../../../Engine/Plugins/Interchange/Assets/Content/gltf/MaterialInstances/MI_Unlit_Mask_DS.uexp" 566
"../../../Engine/Plugins/Interchange/Assets/Content/gltf/MaterialInstances/MI_Unlit_Opaque.uasset" 567
"../../../Engine/Plugins/Interchange/Assets/Content/gltf/MaterialInstances/MI_Unlit_Opaque.uexp" 568
"../../../Engine/Plugins/Interchange/Assets/Content/gltf/MaterialInstances/MI_Unlit_Opaque_DS.uasset" 569
"../../../Engine/Plugins/Interchange/Assets/Content/gltf/MaterialInstances/MI_Unlit_Opaque_DS.uexp" 570
"../../../Engine/Content/EngineMaterials/T_Default_Material_Grid_M.ubulk" 571
"../../../Engine/Content/EngineMaterials/T_Default_Material_Grid_M.uasset" 572
"../../../Engine/Content/EngineMaterials/T_Default_Material_Grid_M.uexp" 573
"../../../Engine/Content/EngineMaterials/T_Default_Material_Grid_N.ubulk" 574
"../../../Engine/Content/EngineMaterials/T_Default_Material_Grid_N.uasset" 575
"../../../Engine/Content/EngineMaterials/T_Default_Material_Grid_N.uexp" 576
"../../../Engine/Content/Functions/Engine_MaterialFunctions01/Opacity/CameraDepthFade.uasset" 577
"../../../Engine/Content/Functions/Engine_MaterialFunctions01/Opacity/CameraDepthFade.uexp" 578
"../../../Engine/Content/EngineMaterials/DefaultMaterial.uasset" 579
"../../../Engine/Content/EngineMaterials/DefaultMaterial.uexp" 580
"../../../Engine/Content/BasicShapes/Cone.ubulk" 581
"../../../Engine/Content/BasicShapes/Cone.uasset" 582
"../../../Engine/Content/BasicShapes/Cone.uexp" 583
"../../../Engine/Content/EngineMaterials/WorldGridMaterial.uasset" 584
"../../../Engine/Content/EngineMaterials/WorldGridMaterial.uexp" 585
"../../../Engine/Content/BasicShapes/Cube.ubulk" 586
"../../../Engine/Content/BasicShapes/Cube.uasset" 587
"../../../Engine/Content/BasicShapes/Cube.uexp" 588
"../../../Engine/Content/BasicShapes/Plane.ubulk" 589
"../../../Engine/Content/BasicShapes/Plane.uasset" 590
"../../../Engine/Content/BasicShapes/Plane.uexp" 591
"../../../Engine/Content/BasicShapes/Sphere.ubulk" 592
"../../../Engine/Content/BasicShapes/Sphere.uasset" 593
"../../../Engine/Content/BasicShapes/Sphere.uexp" 594
"../../../Engine/Content/EditorLandscapeResources/SplineEditorMeshMat.uasset" 595
"../../../Engine/Content/EditorLandscapeResources/SplineEditorMeshMat.uexp" 596
"../../../Engine/Content/EditorLandscapeResources/SplineEditorMesh.ubulk" 597
"../../../Engine/Content/EditorLandscapeResources/SplineEditorMesh.uasset" 598
"../../../Engine/Content/EditorLandscapeResources/SplineEditorMesh.uexp" 599
"../../../Engine/Content/EngineMaterials/WeightMapPlaceholderTexture.uasset" 600
"../../../Engine/Content/EngineMaterials/WeightMapPlaceholderTexture.uexp" 601
"../../../Engine/Content/EngineMaterials/WeightMapArrayPlaceholderTexture.uasset" 602
"../../../Engine/Content/EngineMaterials/WeightMapArrayPlaceholderTexture.uexp" 603
"../../../Engine/Content/EngineResources/WhiteSquareTexture.uasset" 604
"../../../Engine/Content/EngineResources/WhiteSquareTexture.uexp" 605
"../../../Engine/Content/EngineMaterials/Widget3DPassThrough.uasset" 606
"../../../Engine/Content/EngineMaterials/Widget3DPassThrough.uexp" 607
"../../../Engine/Content/EngineMaterials/Widget3DPassThrough_Masked.uasset" 608
"../../../Engine/Content/EngineMaterials/Widget3DPassThrough_Masked.uexp" 609
"../../../Engine/Content/EngineMaterials/Widget3DPassThrough_Opaque.uasset" 610
"../../../Engine/Content/EngineMaterials/Widget3DPassThrough_Opaque.uexp" 611
"../../../Engine/Content/EngineMaterials/Widget3DPassThrough_Masked_OneSided.uasset" 612
"../../../Engine/Content/EngineMaterials/Widget3DPassThrough_Masked_OneSided.uexp" 613
"../../../Engine/Content/EngineMaterials/Widget3DPassThrough_Opaque_OneSided.uasset" 614
"../../../Engine/Content/EngineMaterials/Widget3DPassThrough_Opaque_OneSided.uexp" 615
"../../../Engine/Content/EngineMaterials/Widget3DPassThrough_Translucent.uasset" 616
"../../../Engine/Content/EngineMaterials/Widget3DPassThrough_Translucent.uexp" 617
"../../../Engine/Content/EngineMaterials/Widget3DPassThrough_Translucent_OneSided.uasset" 618
"../../../Engine/Content/EngineMaterials/Widget3DPassThrough_Translucent_OneSided.uexp" 619
"../../../Engine/Plugins/Animation/ControlRig/Content/Controls/ControlRig_Arrow2_1mm.ubulk" 620
"../../../Engine/Plugins/Animation/ControlRig/Content/Controls/ControlRig_Arrow2_1mm.uasset" 621
"../../../Engine/Plugins/Animation/ControlRig/Content/Controls/ControlRig_Arrow2_1mm.uexp" 622
"../../../Engine/Plugins/Animation/ControlRig/Content/Controls/ControlRig_Arrow2_3mm.ubulk" 623
"../../../Engine/Plugins/Animation/ControlRig/Content/Controls/ControlRig_Arrow2_3mm.uasset" 624
"../../../Engine/Plugins/Animation/ControlRig/Content/Controls/ControlRig_Arrow2_3mm.uexp" 625
"../../../Engine/Plugins/Animation/ControlRig/Content/Controls/ControlRig_Arrow2_solid.ubulk" 626
"../../../Engine/Plugins/Animation/ControlRig/Content/Controls/ControlRig_Arrow2_solid.uasset" 627
"../../../Engine/Plugins/Animation/ControlRig/Content/Controls/ControlRig_Arrow2_solid.uexp" 628
"../../../Engine/Plugins/Animation/ControlRig/Content/Controls/ControlRig_Arrow4_1mm.ubulk" 629
"../../../Engine/Plugins/Animation/ControlRig/Content/Controls/ControlRig_Arrow4_1mm.uasset" 630
"../../../Engine/Plugins/Animation/ControlRig/Content/Controls/ControlRig_Arrow4_1mm.uexp" 631
"../../../Engine/Plugins/Animation/ControlRig/Content/Controls/ControlRig_Arrow4_3mm.ubulk" 632
"../../../Engine/Plugins/Animation/ControlRig/Content/Controls/ControlRig_Arrow4_3mm.uasset" 633
"../../../Engine/Plugins/Animation/ControlRig/Content/Controls/ControlRig_Arrow4_3mm.uexp" 634
"../../../Engine/Plugins/Animation/ControlRig/Content/Controls/ControlRig_Arrow4_solid.ubulk" 635
"../../../Engine/Plugins/Animation/ControlRig/Content/Controls/ControlRig_Arrow4_solid.uasset" 636
"../../../Engine/Plugins/Animation/ControlRig/Content/Controls/ControlRig_Arrow4_solid.uexp" 637
"../../../Engine/Plugins/Animation/ControlRig/Content/Controls/ControlRig_Arrow_1mm.ubulk" 638
"../../../Engine/Plugins/Animation/ControlRig/Content/Controls/ControlRig_Arrow_1mm.uasset" 639
"../../../Engine/Plugins/Animation/ControlRig/Content/Controls/ControlRig_Arrow_1mm.uexp" 640
"../../../Engine/Plugins/Animation/ControlRig/Content/Controls/ControlRig_Arrow_3mm.ubulk" 641
"../../../Engine/Plugins/Animation/ControlRig/Content/Controls/ControlRig_Arrow_3mm.uasset" 642
"../../../Engine/Plugins/Animation/ControlRig/Content/Controls/ControlRig_Arrow_3mm.uexp" 643
"../../../Engine/Plugins/Animation/ControlRig/Content/Controls/ControlRig_Arrow_solid.ubulk" 644
"../../../Engine/Plugins/Animation/ControlRig/Content/Controls/ControlRig_Arrow_solid.uasset" 645
"../../../Engine/Plugins/Animation/ControlRig/Content/Controls/ControlRig_Arrow_solid.uexp" 646
"../../../Engine/Plugins/Animation/ControlRig/Content/Controls/ControlRig_Box_1mm.ubulk" 647
"../../../Engine/Plugins/Animation/ControlRig/Content/Controls/ControlRig_Box_1mm.uasset" 648
"../../../Engine/Plugins/Animation/ControlRig/Content/Controls/ControlRig_Box_1mm.uexp" 649
"../../../Engine/Plugins/Animation/ControlRig/Content/Controls/ControlRig_Box_3mm.ubulk" 650
"../../../Engine/Plugins/Animation/ControlRig/Content/Controls/ControlRig_Box_3mm.uasset" 651
"../../../Engine/Plugins/Animation/ControlRig/Content/Controls/ControlRig_Box_3mm.uexp" 652
"../../../Engine/Plugins/Animation/ControlRig/Content/Controls/ControlRig_Box_solid.ubulk" 653
"../../../Engine/Plugins/Animation/ControlRig/Content/Controls/ControlRig_Box_solid.uasset" 654
"../../../Engine/Plugins/Animation/ControlRig/Content/Controls/ControlRig_Box_solid.uexp" 655
"../../../Engine/Plugins/Animation/ControlRig/Content/Controls/ControlRig_Circle_1mm.ubulk" 656
"../../../Engine/Plugins/Animation/ControlRig/Content/Controls/ControlRig_Circle_1mm.uasset" 657
"../../../Engine/Plugins/Animation/ControlRig/Content/Controls/ControlRig_Circle_1mm.uexp" 658
"../../../Engine/Plugins/Animation/ControlRig/Content/Controls/ControlRig_Circle_3mm.ubulk" 659
"../../../Engine/Plugins/Animation/ControlRig/Content/Controls/ControlRig_Circle_3mm.uasset" 660
"../../../Engine/Plugins/Animation/ControlRig/Content/Controls/ControlRig_Circle_3mm.uexp" 661
"../../../Engine/Plugins/Animation/ControlRig/Content/Controls/ControlRig_Circle_solid.ubulk" 662
"../../../Engine/Plugins/Animation/ControlRig/Content/Controls/ControlRig_Circle_solid.uasset" 663
"../../../Engine/Plugins/Animation/ControlRig/Content/Controls/ControlRig_Circle_solid.uexp" 664
"../../../Engine/Plugins/Animation/ControlRig/Content/Controls/ControlRig_Diamond_1mm.ubulk" 665
"../../../Engine/Plugins/Animation/ControlRig/Content/Controls/ControlRig_Diamond_1mm.uasset" 666
"../../../Engine/Plugins/Animation/ControlRig/Content/Controls/ControlRig_Diamond_1mm.uexp" 667
"../../../Engine/Plugins/Animation/ControlRig/Content/Controls/ControlRig_Diamond_3mm.ubulk" 668
"../../../Engine/Plugins/Animation/ControlRig/Content/Controls/ControlRig_Diamond_3mm.uasset" 669
"../../../Engine/Plugins/Animation/ControlRig/Content/Controls/ControlRig_Diamond_3mm.uexp" 670
"../../../Engine/Plugins/Animation/ControlRig/Content/Controls/ControlRig_Diamond_solid.ubulk" 671
"../../../Engine/Plugins/Animation/ControlRig/Content/Controls/ControlRig_Diamond_solid.uasset" 672
"../../../Engine/Plugins/Animation/ControlRig/Content/Controls/ControlRig_Diamond_solid.uexp" 673
"../../../Engine/Plugins/Animation/ControlRig/Content/Controls/ControlRig_HalfCircle_1mm.ubulk" 674
"../../../Engine/Plugins/Animation/ControlRig/Content/Controls/ControlRig_HalfCircle_1mm.uasset" 675
"../../../Engine/Plugins/Animation/ControlRig/Content/Controls/ControlRig_HalfCircle_1mm.uexp" 676
"../../../Engine/Plugins/Animation/ControlRig/Content/Controls/ControlRig_HalfCircle_3mm.ubulk" 677
"../../../Engine/Plugins/Animation/ControlRig/Content/Controls/ControlRig_HalfCircle_3mm.uasset" 678
"../../../Engine/Plugins/Animation/ControlRig/Content/Controls/ControlRig_HalfCircle_3mm.uexp" 679
"../../../Engine/Plugins/Animation/ControlRig/Content/Controls/ControlRig_HalfCircle_solid.ubulk" 680
"../../../Engine/Plugins/Animation/ControlRig/Content/Controls/ControlRig_HalfCircle_solid.uasset" 681
"../../../Engine/Plugins/Animation/ControlRig/Content/Controls/ControlRig_HalfCircle_solid.uexp" 682
"../../../Engine/Plugins/Animation/ControlRig/Content/Controls/ControlRig_Hexagon_1mm.ubulk" 683
"../../../Engine/Plugins/Animation/ControlRig/Content/Controls/ControlRig_Hexagon_1mm.uasset" 684
"../../../Engine/Plugins/Animation/ControlRig/Content/Controls/ControlRig_Hexagon_1mm.uexp" 685
"../../../Engine/Plugins/Animation/ControlRig/Content/Controls/ControlRig_Hexagon_3mm.ubulk" 686
"../../../Engine/Plugins/Animation/ControlRig/Content/Controls/ControlRig_Hexagon_3mm.uasset" 687
"../../../Engine/Plugins/Animation/ControlRig/Content/Controls/ControlRig_Hexagon_3mm.uexp" 688
"../../../Engine/Plugins/Animation/ControlRig/Content/Controls/ControlRig_Hexagon_solid.ubulk" 689
"../../../Engine/Plugins/Animation/ControlRig/Content/Controls/ControlRig_Hexagon_solid.uasset" 690
"../../../Engine/Plugins/Animation/ControlRig/Content/Controls/ControlRig_Hexagon_solid.uexp" 691
"../../../Engine/Plugins/Animation/ControlRig/Content/Controls/ControlRig_Octagon_1mm.ubulk" 692
"../../../Engine/Plugins/Animation/ControlRig/Content/Controls/ControlRig_Octagon_1mm.uasset" 693
"../../../Engine/Plugins/Animation/ControlRig/Content/Controls/ControlRig_Octagon_1mm.uexp" 694
"../../../Engine/Plugins/Animation/ControlRig/Content/Controls/ControlRig_Octagon_3mm.ubulk" 695
"../../../Engine/Plugins/Animation/ControlRig/Content/Controls/ControlRig_Octagon_3mm.uasset" 696
"../../../Engine/Plugins/Animation/ControlRig/Content/Controls/ControlRig_Octagon_3mm.uexp" 697
"../../../Engine/Plugins/Animation/ControlRig/Content/Controls/ControlRig_Octagon_solid.ubulk" 698
"../../../Engine/Plugins/Animation/ControlRig/Content/Controls/ControlRig_Octagon_solid.uasset" 699
"../../../Engine/Plugins/Animation/ControlRig/Content/Controls/ControlRig_Octagon_solid.uexp" 700
"../../../Engine/Plugins/Animation/ControlRig/Content/Controls/ControlRig_Pyramid_1mm.ubulk" 701
"../../../Engine/Plugins/Animation/ControlRig/Content/Controls/ControlRig_Pyramid_1mm.uasset" 702
"../../../Engine/Plugins/Animation/ControlRig/Content/Controls/ControlRig_Pyramid_1mm.uexp" 703
"../../../Engine/Plugins/Animation/ControlRig/Content/Controls/ControlRig_Pyramid_3mm.ubulk" 704
"../../../Engine/Plugins/Animation/ControlRig/Content/Controls/ControlRig_Pyramid_3mm.uasset" 705
"../../../Engine/Plugins/Animation/ControlRig/Content/Controls/ControlRig_Pyramid_3mm.uexp" 706
"../../../Engine/Plugins/Animation/ControlRig/Content/Controls/ControlRig_Pyramid_solid.ubulk" 707
"../../../Engine/Plugins/Animation/ControlRig/Content/Controls/ControlRig_Pyramid_solid.uasset" 708
"../../../Engine/Plugins/Animation/ControlRig/Content/Controls/ControlRig_Pyramid_solid.uexp" 709
"../../../Engine/Plugins/Animation/ControlRig/Content/Controls/ControlRig_QuarterCircle_1mm.ubulk" 710
"../../../Engine/Plugins/Animation/ControlRig/Content/Controls/ControlRig_QuarterCircle_1mm.uasset" 711
"../../../Engine/Plugins/Animation/ControlRig/Content/Controls/ControlRig_QuarterCircle_1mm.uexp" 712
"../../../Engine/Plugins/Animation/ControlRig/Content/Controls/ControlRig_QuarterCircle_3mm.ubulk" 713
"../../../Engine/Plugins/Animation/ControlRig/Content/Controls/ControlRig_QuarterCircle_3mm.uasset" 714
"../../../Engine/Plugins/Animation/ControlRig/Content/Controls/ControlRig_QuarterCircle_3mm.uexp" 715
"../../../Engine/Plugins/Animation/ControlRig/Content/Controls/ControlRig_QuarterCircle_solid.ubulk" 716
"../../../Engine/Plugins/Animation/ControlRig/Content/Controls/ControlRig_QuarterCircle_solid.uasset" 717
"../../../Engine/Plugins/Animation/ControlRig/Content/Controls/ControlRig_QuarterCircle_solid.uexp" 718
"../../../Engine/Plugins/Animation/ControlRig/Content/Controls/ControlRig_RoundedSquare_1mm.ubulk" 719
"../../../Engine/Plugins/Animation/ControlRig/Content/Controls/ControlRig_RoundedSquare_1mm.uasset" 720
"../../../Engine/Plugins/Animation/ControlRig/Content/Controls/ControlRig_RoundedSquare_1mm.uexp" 721
"../../../Engine/Plugins/Animation/ControlRig/Content/Controls/ControlRig_RoundedSquare_3mm.ubulk" 722
"../../../Engine/Plugins/Animation/ControlRig/Content/Controls/ControlRig_RoundedSquare_3mm.uasset" 723
"../../../Engine/Plugins/Animation/ControlRig/Content/Controls/ControlRig_RoundedSquare_3mm.uexp" 724
"../../../Engine/Plugins/Animation/ControlRig/Content/Controls/ControlRig_RoundedSquare_solid.ubulk" 725
"../../../Engine/Plugins/Animation/ControlRig/Content/Controls/ControlRig_RoundedSquare_solid.uasset" 726
"../../../Engine/Plugins/Animation/ControlRig/Content/Controls/ControlRig_RoundedSquare_solid.uexp" 727
"../../../Engine/Plugins/Animation/ControlRig/Content/Controls/ControlRig_RoundedTriangle_1mm.ubulk" 728
"../../../Engine/Plugins/Animation/ControlRig/Content/Controls/ControlRig_RoundedTriangle_1mm.uasset" 729
"../../../Engine/Plugins/Animation/ControlRig/Content/Controls/ControlRig_RoundedTriangle_1mm.uexp" 730
"../../../Engine/Plugins/Animation/ControlRig/Content/Controls/ControlRig_RoundedTriangle_3mm.ubulk" 731
"../../../Engine/Plugins/Animation/ControlRig/Content/Controls/ControlRig_RoundedTriangle_3mm.uasset" 732
"../../../Engine/Plugins/Animation/ControlRig/Content/Controls/ControlRig_RoundedTriangle_3mm.uexp" 733
"../../../Engine/Plugins/Animation/ControlRig/Content/Controls/ControlRig_RoundedTriangle_solid.ubulk" 734
"../../../Engine/Plugins/Animation/ControlRig/Content/Controls/ControlRig_RoundedTriangle_solid.uasset" 735
"../../../Engine/Plugins/Animation/ControlRig/Content/Controls/ControlRig_RoundedTriangle_solid.uexp" 736
"../../../Engine/Plugins/Animation/ControlRig/Content/Controls/ControlRig_Sphere_1mm.ubulk" 737
"../../../Engine/Plugins/Animation/ControlRig/Content/Controls/ControlRig_Sphere_1mm.uasset" 738
"../../../Engine/Plugins/Animation/ControlRig/Content/Controls/ControlRig_Sphere_1mm.uexp" 739
"../../../Engine/Plugins/Animation/ControlRig/Content/Controls/ControlRig_Sphere_3mm.ubulk" 740
"../../../Engine/Plugins/Animation/ControlRig/Content/Controls/ControlRig_Sphere_3mm.uasset" 741
"../../../Engine/Plugins/Animation/ControlRig/Content/Controls/ControlRig_Sphere_3mm.uexp" 742
"../../../Engine/Plugins/Animation/ControlRig/Content/Controls/ControlRig_Sphere_solid.ubulk" 743
"../../../Engine/Plugins/Animation/ControlRig/Content/Controls/ControlRig_Sphere_solid.uasset" 744
"../../../Engine/Plugins/Animation/ControlRig/Content/Controls/ControlRig_Sphere_solid.uexp" 745
"../../../Engine/Plugins/Animation/ControlRig/Content/Controls/ControlRig_Square_1mm.ubulk" 746
"../../../Engine/Plugins/Animation/ControlRig/Content/Controls/ControlRig_Square_1mm.uasset" 747
"../../../Engine/Plugins/Animation/ControlRig/Content/Controls/ControlRig_Square_1mm.uexp" 748
"../../../Engine/Plugins/Animation/ControlRig/Content/Controls/ControlRig_Square_3mm.ubulk" 749
"../../../Engine/Plugins/Animation/ControlRig/Content/Controls/ControlRig_Square_3mm.uasset" 750
"../../../Engine/Plugins/Animation/ControlRig/Content/Controls/ControlRig_Square_3mm.uexp" 751
"../../../Engine/Plugins/Animation/ControlRig/Content/Controls/ControlRig_Square_solid.ubulk" 752
"../../../Engine/Plugins/Animation/ControlRig/Content/Controls/ControlRig_Square_solid.uasset" 753
"../../../Engine/Plugins/Animation/ControlRig/Content/Controls/ControlRig_Square_solid.uexp" 754
"../../../Engine/Plugins/Animation/ControlRig/Content/Controls/ControlRig_Star4_1mm.ubulk" 755
"../../../Engine/Plugins/Animation/ControlRig/Content/Controls/ControlRig_Star4_1mm.uasset" 756
"../../../Engine/Plugins/Animation/ControlRig/Content/Controls/ControlRig_Star4_1mm.uexp" 757
"../../../Engine/Plugins/Animation/ControlRig/Content/Controls/ControlRig_Star4_3mm.ubulk" 758
"../../../Engine/Plugins/Animation/ControlRig/Content/Controls/ControlRig_Star4_3mm.uasset" 759
"../../../Engine/Plugins/Animation/ControlRig/Content/Controls/ControlRig_Star4_3mm.uexp" 760
"../../../Engine/Plugins/Animation/ControlRig/Content/Controls/ControlRig_Star4_solid.ubulk" 761
"../../../Engine/Plugins/Animation/ControlRig/Content/Controls/ControlRig_Star4_solid.uasset" 762
"../../../Engine/Plugins/Animation/ControlRig/Content/Controls/ControlRig_Star4_solid.uexp" 763
"../../../Engine/Plugins/Animation/ControlRig/Content/Controls/ControlRig_Triangle_1mm.ubulk" 764
"../../../Engine/Plugins/Animation/ControlRig/Content/Controls/ControlRig_Triangle_1mm.uasset" 765
"../../../Engine/Plugins/Animation/ControlRig/Content/Controls/ControlRig_Triangle_1mm.uexp" 766
"../../../Engine/Plugins/Animation/ControlRig/Content/Controls/ControlRig_Triangle_3mm.ubulk" 767
"../../../Engine/Plugins/Animation/ControlRig/Content/Controls/ControlRig_Triangle_3mm.uasset" 768
"../../../Engine/Plugins/Animation/ControlRig/Content/Controls/ControlRig_Triangle_3mm.uexp" 769
"../../../Engine/Plugins/Animation/ControlRig/Content/Controls/ControlRig_Triangle_solid.ubulk" 770
"../../../Engine/Plugins/Animation/ControlRig/Content/Controls/ControlRig_Triangle_solid.uasset" 771
"../../../Engine/Plugins/Animation/ControlRig/Content/Controls/ControlRig_Triangle_solid.uexp" 772
"../../../Engine/Plugins/Animation/ControlRig/Content/Controls/ControlRig_Wedge_1mm.ubulk" 773
"../../../Engine/Plugins/Animation/ControlRig/Content/Controls/ControlRig_Wedge_1mm.uasset" 774
"../../../Engine/Plugins/Animation/ControlRig/Content/Controls/ControlRig_Wedge_1mm.uexp" 775
"../../../Engine/Plugins/Animation/ControlRig/Content/Controls/ControlRig_Wedge_3mm.ubulk" 776
"../../../Engine/Plugins/Animation/ControlRig/Content/Controls/ControlRig_Wedge_3mm.uasset" 777
"../../../Engine/Plugins/Animation/ControlRig/Content/Controls/ControlRig_Wedge_3mm.uexp" 778
"../../../Engine/Plugins/Animation/ControlRig/Content/Controls/ControlRig_Wedge_solid.ubulk" 779
"../../../Engine/Plugins/Animation/ControlRig/Content/Controls/ControlRig_Wedge_solid.uasset" 780
"../../../Engine/Plugins/Animation/ControlRig/Content/Controls/ControlRig_Wedge_solid.uexp" 781
"../../../Engine/Content/Functions/Engine_MaterialFunctions02/Texturing/CustomRotator.uasset" 782
"../../../Engine/Content/Functions/Engine_MaterialFunctions02/Texturing/CustomRotator.uexp" 783
"../../../Engine/Content/Functions/Engine_MaterialFunctions01/Texturing/ScaleUVsByCenter.uasset" 784
"../../../Engine/Content/Functions/Engine_MaterialFunctions01/Texturing/ScaleUVsByCenter.uexp" 785
"../../../Engine/Content/Functions/Engine_MaterialFunctions01/Gradient/GeneratedRoundRect.uasset" 786
"../../../Engine/Content/Functions/Engine_MaterialFunctions01/Gradient/GeneratedRoundRect.uexp" 787
"../../../Engine/Content/Functions/Engine_MaterialFunctions01/Gradient/SphereGradient-2D.uasset" 788
"../../../Engine/Content/Functions/Engine_MaterialFunctions01/Gradient/SphereGradient-2D.uexp" 789
"../../../Engine/Plugins/Runtime/AudioWidgets/Content/AudioMaterialSlate/Functions/MF_DotOutlined.uasset" 790
"../../../Engine/Plugins/Runtime/AudioWidgets/Content/AudioMaterialSlate/Functions/MF_DotOutlined.uexp" 791
"../../../Engine/Plugins/Runtime/AudioWidgets/Content/AudioMaterialSlate/M_AudioMaterialEnvelope_ADSR.uasset" 792
"../../../Engine/Plugins/Runtime/AudioWidgets/Content/AudioMaterialSlate/M_AudioMaterialEnvelope_ADSR.uexp" 793
"../../../Engine/Plugins/Runtime/AudioWidgets/Content/AudioMaterialSlate/MI_AudioMaterialEnvelope_ADSR.uasset" 794
"../../../Engine/Plugins/Runtime/AudioWidgets/Content/AudioMaterialSlate/MI_AudioMaterialEnvelope_ADSR.uexp" 795
"../../../Engine/Plugins/Runtime/AudioWidgets/Content/AudioMaterialSlate/Functions/MF_SingleLine_Smooth.uasset" 796
"../../../Engine/Plugins/Runtime/AudioWidgets/Content/AudioMaterialSlate/Functions/MF_SingleLine_Smooth.uexp" 797
"../../../Engine/Plugins/Runtime/AudioWidgets/Content/AudioMaterialSlate/Functions/MF_AngleGradient.uasset" 798
"../../../Engine/Plugins/Runtime/AudioWidgets/Content/AudioMaterialSlate/Functions/MF_AngleGradient.uexp" 799
"../../../Engine/Content/Functions/Engine_MaterialFunctions02/Lerp_3Color.uasset" 800
"../../../Engine/Content/Functions/Engine_MaterialFunctions02/Lerp_3Color.uexp" 801
"../../../Engine/Plugins/Runtime/AudioWidgets/Content/AudioMaterialSlate/M_AudioMaterialKnob.uasset" 802
"../../../Engine/Plugins/Runtime/AudioWidgets/Content/AudioMaterialSlate/M_AudioMaterialKnob.uexp" 803
"../../../Engine/Plugins/Runtime/AudioWidgets/Content/AudioMaterialSlate/MI_AudioMaterialKnob.uasset" 804
"../../../Engine/Plugins/Runtime/AudioWidgets/Content/AudioMaterialSlate/MI_AudioMaterialKnob.uexp" 805
"../../../Engine/Plugins/Runtime/AudioWidgets/Content/AudioMaterialSlate/Functions/MF_Lines.uasset" 806
"../../../Engine/Plugins/Runtime/AudioWidgets/Content/AudioMaterialSlate/Functions/MF_Lines.uexp" 807
"../../../Engine/Plugins/Runtime/AudioWidgets/Content/AudioMaterialSlate/M_AudioMaterialMeter.uasset" 808
"../../../Engine/Plugins/Runtime/AudioWidgets/Content/AudioMaterialSlate/M_AudioMaterialMeter.uexp" 809
"../../../Engine/Plugins/Runtime/AudioWidgets/Content/AudioMaterialSlate/MI_AudioMaterialMeter.uasset" 810
"../../../Engine/Plugins/Runtime/AudioWidgets/Content/AudioMaterialSlate/MI_AudioMaterialMeter.uexp" 811
"../../../Engine/Plugins/Runtime/AudioWidgets/Content/AudioMaterialSlate/M_AudioMaterialRoundedSlider.uasset" 812
"../../../Engine/Plugins/Runtime/AudioWidgets/Content/AudioMaterialSlate/M_AudioMaterialRoundedSlider.uexp" 813
"../../../Engine/Plugins/Runtime/AudioWidgets/Content/AudioMaterialSlate/MI_AudioMaterialRoundedSlider.uasset" 814
"../../../Engine/Plugins/Runtime/AudioWidgets/Content/AudioMaterialSlate/MI_AudioMaterialRoundedSlider.uexp" 815
"../../../Engine/Plugins/Runtime/AudioWidgets/Content/AudioMaterialSlate/Functions/MF_SingleLine.uasset" 816
"../../../Engine/Plugins/Runtime/AudioWidgets/Content/AudioMaterialSlate/Functions/MF_SingleLine.uexp" 817
"../../../Engine/Plugins/Runtime/AudioWidgets/Content/AudioMaterialSlate/M_AudioMaterialToggleButton.uasset" 818
"../../../Engine/Plugins/Runtime/AudioWidgets/Content/AudioMaterialSlate/M_AudioMaterialToggleButton.uexp" 819
"../../../Engine/Plugins/Runtime/AudioWidgets/Content/AudioMaterialSlate/MI_AudioMaterialToggleButton.uasset" 820
"../../../Engine/Plugins/Runtime/AudioWidgets/Content/AudioMaterialSlate/MI_AudioMaterialToggleButton.uexp" 821
"../../../Engine/Plugins/2D/Paper2D/Content/DefaultSpriteMaterial.uasset" 822
"../../../Engine/Plugins/2D/Paper2D/Content/DefaultSpriteMaterial.uexp" 823
"../../../Engine/Plugins/2D/Paper2D/Content/MaskedUnlitSpriteMaterial.uasset" 824
"../../../Engine/Plugins/2D/Paper2D/Content/MaskedUnlitSpriteMaterial.uexp" 825
"../../../Engine/Plugins/2D/Paper2D/Content/OpaqueUnlitSpriteMaterial.uasset" 826
"../../../Engine/Plugins/2D/Paper2D/Content/OpaqueUnlitSpriteMaterial.uexp" 827
"../../../Engine/Plugins/Media/MediaPlate/Content/SM_MediaPlateScreen.ubulk" 828
"../../../Engine/Plugins/Media/MediaPlate/Content/SM_MediaPlateScreen.uasset" 829
"../../../Engine/Plugins/Media/MediaPlate/Content/SM_MediaPlateScreen.uexp" 830
"../../../Engine/Plugins/NNE/NNEDenoiser/Content/NNEDIM_ColorAlbedoNormal_Alpha.uasset" 831
"../../../Engine/Plugins/NNE/NNEDenoiser/Content/NNEDIM_ColorAlbedoNormal_Alpha.uexp" 832
"../../../Engine/Plugins/NNE/NNEDenoiser/Content/NNEDIM_ColorAlbedoNormal_Default.uasset" 833
"../../../Engine/Plugins/NNE/NNEDenoiser/Content/NNEDIM_ColorAlbedoNormal_Default.uexp" 834
"../../../Engine/Plugins/NNE/NNEDenoiser/Content/NNEDIM_HighQuality_Alpha.uasset" 835
"../../../Engine/Plugins/NNE/NNEDenoiser/Content/NNEDIM_HighQuality_Alpha.uexp" 836
"../../../Engine/Plugins/NNE/NNEDenoiser/Content/NNEDIM_HighQuality_Default.uasset" 837
"../../../Engine/Plugins/NNE/NNEDenoiser/Content/NNEDIM_HighQuality_Default.uexp" 838
"../../../Engine/Plugins/NNE/NNEDenoiser/Content/NNEDOM_Output_Alpha.uasset" 839
"../../../Engine/Plugins/NNE/NNEDenoiser/Content/NNEDOM_Output_Alpha.uexp" 840
"../../../Engine/Plugins/NNE/NNEDenoiser/Content/NNEDOM_Output_Default.uasset" 841
"../../../Engine/Plugins/NNE/NNEDenoiser/Content/NNEDOM_Output_Default.uexp" 842
"../../../Engine/Plugins/NNE/NNEDenoiser/Content/NNEDTIM_ColorAlbedoNormal_Alpha.uasset" 843
"../../../Engine/Plugins/NNE/NNEDenoiser/Content/NNEDTIM_ColorAlbedoNormal_Alpha.uexp" 844
"../../../Engine/Plugins/NNE/NNEDenoiser/Content/NNEDTIM_ColorAlbedoNormal_Default.uasset" 845
"../../../Engine/Plugins/NNE/NNEDenoiser/Content/NNEDTIM_ColorAlbedoNormal_Default.uexp" 846
"../../../Engine/Plugins/NNE/NNEDenoiser/Content/NNEDTOM_Output_Alpha.uasset" 847
"../../../Engine/Plugins/NNE/NNEDenoiser/Content/NNEDTOM_Output_Alpha.uexp" 848
"../../../Engine/Plugins/NNE/NNEDenoiser/Content/NNEDTOM_Output_Default.uasset" 849
"../../../Engine/Plugins/NNE/NNEDenoiser/Content/NNEDTOM_Output_Default.uexp" 850
"../../../Engine/Content/EditorMaterials/Camera/CineMat.uasset" 851
"../../../Engine/Content/EditorMaterials/Camera/CineMat.uexp" 852
"../../../Engine/Content/EditorMaterials/Camera/MI_CineMat_Rig.uasset" 853
"../../../Engine/Content/EditorMaterials/Camera/MI_CineMat_Rig.uexp" 854
"../../../Engine/Content/EditorMeshes/Camera/SM_RailRig_Track.ubulk" 855
"../../../Engine/Content/EditorMeshes/Camera/SM_RailRig_Track.uasset" 856
"../../../Engine/Content/EditorMeshes/Camera/SM_RailRig_Track.uexp" 857
"../../../Engine/Content/EditorMeshes/Camera/SM_RailRig_Mount.ubulk" 858
"../../../Engine/Content/EditorMeshes/Camera/SM_RailRig_Mount.uasset" 859
"../../../Engine/Content/EditorMeshes/Camera/SM_RailRig_Mount.uexp" 860
"../../../Engine/Content/EditorMeshes/Camera/SM_CraneRig_Mount.ubulk" 861
"../../../Engine/Content/EditorMeshes/Camera/SM_CraneRig_Mount.uasset" 862
"../../../Engine/Content/EditorMeshes/Camera/SM_CraneRig_Mount.uexp" 863
"../../../Engine/Content/EditorMeshes/Camera/SM_CraneRig_Body.ubulk" 864
"../../../Engine/Content/EditorMeshes/Camera/SM_CraneRig_Body.uasset" 865
"../../../Engine/Content/EditorMeshes/Camera/SM_CraneRig_Body.uexp" 866
"../../../Engine/Content/EditorMeshes/Camera/SM_CraneRig_Base.ubulk" 867
"../../../Engine/Content/EditorMeshes/Camera/SM_CraneRig_Base.uasset" 868
"../../../Engine/Content/EditorMeshes/Camera/SM_CraneRig_Base.uexp" 869
"../../../Engine/Content/EditorMeshes/Camera/SM_CraneRig_Arm.ubulk" 870
"../../../Engine/Content/EditorMeshes/Camera/SM_CraneRig_Arm.uasset" 871
"../../../Engine/Content/EditorMeshes/Camera/SM_CraneRig_Arm.uexp" 872
"../../../Engine/Content/ArtTools/RenderToTexture/Meshes/S_1_Unit_Plane.ubulk" 873
"../../../Engine/Content/ArtTools/RenderToTexture/Meshes/S_1_Unit_Plane.uasset" 874
"../../../Engine/Content/ArtTools/RenderToTexture/Meshes/S_1_Unit_Plane.uexp" 875
"../../../Engine/Plugins/NNE/NNEDenoiser/Content/NNE_oidn2-3-0_rt_hdr_calb_cnrm_large__dyn__fp16_opset11_ForwardAlpha.uasset" 876
"../../../Engine/Plugins/NNE/NNEDenoiser/Content/NNE_oidn2-3-0_rt_hdr_calb_cnrm_large__dyn__fp16_opset11_ForwardAlpha.uexp" 877
"../../../Engine/Plugins/NNE/NNEDenoiser/Content/NNE_oidn2-3-0_rt_hdr_calb_cnrm_large__dyn__fp16_opset11_DenoiseAlpha.uasset" 878
"../../../Engine/Plugins/NNE/NNEDenoiser/Content/NNE_oidn2-3-0_rt_hdr_calb_cnrm_large__dyn__fp16_opset11_DenoiseAlpha.uexp" 879
"../../../Engine/Plugins/NNE/NNEDenoiser/Content/NNE_oidn2-3-0_rt_hdr_alb_nrm__dyn__fp16_opset11_ForwardAlpha.uasset" 880
"../../../Engine/Plugins/NNE/NNEDenoiser/Content/NNE_oidn2-3-0_rt_hdr_alb_nrm__dyn__fp16_opset11_ForwardAlpha.uexp" 881
"../../../Engine/Plugins/NNE/NNEDenoiser/Content/NNE_oidn2-3-0_rt_hdr_alb_nrm__dyn__fp16_opset11_DenoiseAlpha.uasset" 882
"../../../Engine/Plugins/NNE/NNEDenoiser/Content/NNE_oidn2-3-0_rt_hdr_alb_nrm__dyn__fp16_opset11_DenoiseAlpha.uexp" 883
"../../../Engine/Plugins/NNE/NNEDenoiser/Content/NNE_oidn2-3-0_rt_hdr_alb_nrm_small__dyn__fp16_opset11_ForwardAlpha.uasset" 884
"../../../Engine/Plugins/NNE/NNEDenoiser/Content/NNE_oidn2-3-0_rt_hdr_alb_nrm_small__dyn__fp16_opset11_ForwardAlpha.uexp" 885
"../../../Engine/Plugins/NNE/NNEDenoiser/Content/NNE_oidn2-3-0_rt_hdr_alb_nrm_small__dyn__fp16_opset11_DenoiseAlpha.uasset" 886
"../../../Engine/Plugins/NNE/NNEDenoiser/Content/NNE_oidn2-3-0_rt_hdr_alb_nrm_small__dyn__fp16_opset11_DenoiseAlpha.uexp" 887
"../../../Engine/Plugins/NNE/NNEDenoiser/Content/NNED_Oidn2-3_HighQuality_Alpha.uasset" 888
"../../../Engine/Plugins/NNE/NNEDenoiser/Content/NNED_Oidn2-3_HighQuality_Alpha.uexp" 889
"../../../Engine/Plugins/NNE/NNEDenoiser/Content/NNED_Oidn2-3_HighQuality.uasset" 890
"../../../Engine/Plugins/NNE/NNEDenoiser/Content/NNED_Oidn2-3_HighQuality.uexp" 891
"../../../Engine/Plugins/NNE/NNEDenoiser/Content/NNED_Oidn2-3_Fast_Alpha.uasset" 892
"../../../Engine/Plugins/NNE/NNEDenoiser/Content/NNED_Oidn2-3_Fast_Alpha.uexp" 893
"../../../Engine/Plugins/NNE/NNEDenoiser/Content/NNED_Oidn2-3_Fast.uasset" 894
"../../../Engine/Plugins/NNE/NNEDenoiser/Content/NNED_Oidn2-3_Fast.uexp" 895
"../../../Engine/Plugins/NNE/NNEDenoiser/Content/NNED_Oidn2-3_Balanced_Alpha.uasset" 896
"../../../Engine/Plugins/NNE/NNEDenoiser/Content/NNED_Oidn2-3_Balanced_Alpha.uexp" 897
"../../../Engine/Plugins/NNE/NNEDenoiser/Content/NNED_Oidn2-3_Balanced.uasset" 898
"../../../Engine/Plugins/NNE/NNEDenoiser/Content/NNED_Oidn2-3_Balanced.uexp" 899
"../../../Engine/Plugins/NNE/NNEDenoiser/Content/NNEDT_Oidn2-3_Balanced_Alpha.uasset" 900
"../../../Engine/Plugins/NNE/NNEDenoiser/Content/NNEDT_Oidn2-3_Balanced_Alpha.uexp" 901
"../../../Engine/Plugins/NNE/NNEDenoiser/Content/NNEDT_Oidn2-3_Balanced.uasset" 902
"../../../Engine/Plugins/NNE/NNEDenoiser/Content/NNEDT_Oidn2-3_Balanced.uexp" 903
"../../../Engine/Plugins/Animation/DeformerGraph/Content/Deformers/DG_LinearBlendSkin_Morph_Cloth_RecomputeNormals.uasset" 904
"../../../Engine/Plugins/Animation/DeformerGraph/Content/Deformers/DG_LinearBlendSkin_Morph_Cloth_RecomputeNormals.uexp" 905
"../../../Engine/Plugins/Animation/DeformerGraph/Content/Deformers/DG_LinearBlendSkin_Morph_Cloth.uasset" 906
"../../../Engine/Plugins/Animation/DeformerGraph/Content/Deformers/DG_LinearBlendSkin_Morph_Cloth.uexp" 907
"../../../Engine/Plugins/Animation/DeformerGraph/Content/DeformerFunctions/DG_Function_LinearBlendSkin_Morph_Cloth_PositionOnly.uasset" 908
"../../../Engine/Plugins/Animation/DeformerGraph/Content/DeformerFunctions/DG_Function_LinearBlendSkin_Morph_Cloth_PositionOnly.uexp" 909
"../../../Engine/Plugins/Animation/DeformerGraph/Content/DeformerFunctions/DG_Function_LinearBlendSkin_Morph_Cloth.uasset" 910
"../../../Engine/Plugins/Animation/DeformerGraph/Content/DeformerFunctions/DG_Function_LinearBlendSkin_Morph_Cloth.uexp" 911
"../../../Engine/Plugins/Animation/DeformerGraph/Content/DeformerFunctions/DG_Function_ComputeNormalsTangents.uasset" 912
"../../../Engine/Plugins/Animation/DeformerGraph/Content/DeformerFunctions/DG_Function_ComputeNormalsTangents.uexp" 913
"../../../Engine/Content/VREditor/TransformGizmo/StartRotationHandleIndicator.ubulk" 914
"../../../Engine/Content/VREditor/TransformGizmo/StartRotationHandleIndicator.uasset" 915
"../../../Engine/Content/VREditor/TransformGizmo/StartRotationHandleIndicator.uexp" 916
"../../../Engine/Content/VREditor/Sounds/UI/Drop_Item_From_ContentBrowser.ubulk" 917
"../../../Engine/Content/VREditor/Sounds/UI/Drop_Item_From_ContentBrowser.uasset" 918
"../../../Engine/Content/VREditor/Sounds/UI/Drop_Item_From_ContentBrowser.uexp" 919
"../../../Engine/Content/VREditor/TransformGizmo/PlaneTranslationHandle.ubulk" 920
"../../../Engine/Content/VREditor/TransformGizmo/PlaneTranslationHandle.uasset" 921
"../../../Engine/Content/VREditor/TransformGizmo/PlaneTranslationHandle.uexp" 922
"../../../Engine/Content/VREditor/Sounds/UI/Object_Snaps_To_Grid.ubulk" 923
"../../../Engine/Content/VREditor/Sounds/UI/Object_Snaps_To_Grid.uasset" 924
"../../../Engine/Content/VREditor/Sounds/UI/Object_Snaps_To_Grid.uexp" 925
"../../../Engine/Content/VREditor/Sounds/UI/Selection_Changes.ubulk" 926
"../../../Engine/Content/VREditor/Sounds/UI/Selection_Changes.uasset" 927
"../../../Engine/Content/VREditor/Sounds/UI/Selection_Changes.uexp" 928
"../../../Engine/Content/VREditor/Sounds/UI/Object_Snaps_To_Another_Actor.ubulk" 929
"../../../Engine/Content/VREditor/Sounds/UI/Object_Snaps_To_Another_Actor.uasset" 930
"../../../Engine/Content/VREditor/Sounds/UI/Object_Snaps_To_Another_Actor.uexp" 931
"../../../Engine/Content/VREditor/TransformGizmo/TranslucentTransformGizmoMaterial_Inst.uasset" 932
"../../../Engine/Content/VREditor/TransformGizmo/TranslucentTransformGizmoMaterial_Inst.uexp" 933
"../../../Engine/Content/VREditor/TransformGizmo/TransformGizmoFreeRotation.ubulk" 934
"../../../Engine/Content/VREditor/TransformGizmo/TransformGizmoFreeRotation.uasset" 935
"../../../Engine/Content/VREditor/TransformGizmo/TransformGizmoFreeRotation.uexp" 936
"../../../Engine/Content/VREditor/Sounds/UI/Scaling_Down.ubulk" 937
"../../../Engine/Content/VREditor/Sounds/UI/Scaling_Down.uasset" 938
"../../../Engine/Content/VREditor/Sounds/UI/Scaling_Down.uexp" 939
"../../../Engine/Content/Functions/Engine_MaterialFunctions02/SplitComponents.uasset" 940
"../../../Engine/Content/Functions/Engine_MaterialFunctions02/SplitComponents.uexp" 941
"../../../Engine/Content/VREditor/SnapGrid/SnapGridMaterial.uasset" 942
"../../../Engine/Content/VREditor/SnapGrid/SnapGridMaterial.uexp" 943
"../../../Engine/Content/VREditor/SnapGrid/SnapGridPlaneMesh.ubulk" 944
"../../../Engine/Content/VREditor/SnapGrid/SnapGridPlaneMesh.uasset" 945
"../../../Engine/Content/VREditor/SnapGrid/SnapGridPlaneMesh.uexp" 946
"../../../Engine/Content/VREditor/Sounds/UI/Scaling_Up.ubulk" 947
"../../../Engine/Content/VREditor/Sounds/UI/Scaling_Up.uasset" 948
"../../../Engine/Content/VREditor/Sounds/UI/Scaling_Up.uexp" 949
"../../../Engine/Content/VREditor/TransformGizmo/TransformGizmoMaterial_Inst.uasset" 950
"../../../Engine/Content/VREditor/TransformGizmo/TransformGizmoMaterial_Inst.uexp" 951
"../../../Engine/Content/VREditor/Sounds/UI/Gizmo_Handle_Clicked.ubulk" 952
"../../../Engine/Content/VREditor/Sounds/UI/Gizmo_Handle_Clicked.uasset" 953
"../../../Engine/Content/VREditor/Sounds/UI/Gizmo_Handle_Clicked.uexp" 954
"../../../Engine/Content/VREditor/TransformGizmo/RotationHandleQuarter.ubulk" 955
"../../../Engine/Content/VREditor/TransformGizmo/RotationHandleQuarter.uasset" 956
"../../../Engine/Content/VREditor/TransformGizmo/RotationHandleQuarter.uexp" 957
"../../../Engine/Content/VREditor/TransformGizmo/TranslateArrowHandle.ubulk" 958
"../../../Engine/Content/VREditor/TransformGizmo/TranslateArrowHandle.uasset" 959
"../../../Engine/Content/VREditor/TransformGizmo/TranslateArrowHandle.uexp" 960
"../../../Engine/Content/VREditor/TransformGizmo/RotationHandleIndicator.ubulk" 961
"../../../Engine/Content/VREditor/TransformGizmo/RotationHandleIndicator.uasset" 962
"../../../Engine/Content/VREditor/TransformGizmo/RotationHandleIndicator.uexp" 963
"../../../Engine/Content/VREditor/TransformGizmo/UniformScaleHandle.ubulk" 964
"../../../Engine/Content/VREditor/TransformGizmo/UniformScaleHandle.uasset" 965
"../../../Engine/Content/VREditor/TransformGizmo/UniformScaleHandle.uexp" 966
"../../../Engine/Content/VREditor/TransformGizmo/RotationHandleFull.ubulk" 967
"../../../Engine/Content/VREditor/TransformGizmo/RotationHandleFull.uasset" 968
"../../../Engine/Content/VREditor/TransformGizmo/RotationHandleFull.uexp" 969
"../../../Engine/Content/VREditor/Sounds/UI/Object_PickUp.ubulk" 970
"../../../Engine/Content/VREditor/Sounds/UI/Object_PickUp.uasset" 971
"../../../Engine/Content/VREditor/Sounds/UI/Object_PickUp.uexp" 972
"../../../Engine/Content/EngineResources/LandscapeVisibilityLayerInfo.uasset" 973
"../../../Engine/Content/EngineResources/LandscapeVisibilityLayerInfo.uexp" 974
"../../../Engine/Content/BasicShapes/Cylinder.ubulk" 975
"../../../Engine/Content/BasicShapes/Cylinder.uasset" 976
"../../../Engine/Content/BasicShapes/Cylinder.uexp" 977
"C:/Users/lucio/OneDrive/Documentos/GitHub/MotoresComerciales-1-2025/MotoresComerciales1/Content/Fab_Assets/OldWest/VOL3/Textures/TX_Boots_01a_ALB.ubulk" 978
"C:/Users/lucio/OneDrive/Documentos/GitHub/MotoresComerciales-1-2025/MotoresComerciales1/Content/Fab_Assets/OldWest/VOL3/Textures/TX_Boots_01a_ALB.uasset" 979
"C:/Users/lucio/OneDrive/Documentos/GitHub/MotoresComerciales-1-2025/MotoresComerciales1/Content/Fab_Assets/OldWest/VOL3/Textures/TX_Boots_01a_ALB.uexp" 980
"C:/Users/lucio/OneDrive/Documentos/GitHub/MotoresComerciales-1-2025/MotoresComerciales1/Content/Fab_Assets/OldWest/VOL3/Textures/TX_Boots_01a_RMA.ubulk" 981
"C:/Users/lucio/OneDrive/Documentos/GitHub/MotoresComerciales-1-2025/MotoresComerciales1/Content/Fab_Assets/OldWest/VOL3/Textures/TX_Boots_01a_RMA.uasset" 982
"C:/Users/lucio/OneDrive/Documentos/GitHub/MotoresComerciales-1-2025/MotoresComerciales1/Content/Fab_Assets/OldWest/VOL3/Textures/TX_Boots_01a_RMA.uexp" 983
"C:/Users/lucio/OneDrive/Documentos/GitHub/MotoresComerciales-1-2025/MotoresComerciales1/Content/Fab_Assets/OldWest/Shared/Textures/TX_Fill_01_ALB.ubulk" 984
"C:/Users/lucio/OneDrive/Documentos/GitHub/MotoresComerciales-1-2025/MotoresComerciales1/Content/Fab_Assets/OldWest/Shared/Textures/TX_Fill_01_ALB.uasset" 985
"C:/Users/lucio/OneDrive/Documentos/GitHub/MotoresComerciales-1-2025/MotoresComerciales1/Content/Fab_Assets/OldWest/Shared/Textures/TX_Fill_01_ALB.uexp" 986
"C:/Users/lucio/OneDrive/Documentos/GitHub/MotoresComerciales-1-2025/MotoresComerciales1/Content/Fab_Assets/OldWest/Shared/Materials/MF_Detail_Normal_01a.uasset" 987
"C:/Users/lucio/OneDrive/Documentos/GitHub/MotoresComerciales-1-2025/MotoresComerciales1/Content/Fab_Assets/OldWest/Shared/Materials/MF_Detail_Normal_01a.uexp" 988
"C:/Users/lucio/OneDrive/Documentos/GitHub/MotoresComerciales-1-2025/MotoresComerciales1/Content/Fab_Assets/OldWest/Shared/Materials/MF_Normal_Intensity_01a.uasset" 989
"C:/Users/lucio/OneDrive/Documentos/GitHub/MotoresComerciales-1-2025/MotoresComerciales1/Content/Fab_Assets/OldWest/Shared/Materials/MF_Normal_Intensity_01a.uexp" 990
"C:/Users/lucio/OneDrive/Documentos/GitHub/MotoresComerciales-1-2025/MotoresComerciales1/Content/Fab_Assets/OldWest/Shared/Textures/TX_Fill_01_NRM.ubulk" 991
"C:/Users/lucio/OneDrive/Documentos/GitHub/MotoresComerciales-1-2025/MotoresComerciales1/Content/Fab_Assets/OldWest/Shared/Textures/TX_Fill_01_NRM.uasset" 992
"C:/Users/lucio/OneDrive/Documentos/GitHub/MotoresComerciales-1-2025/MotoresComerciales1/Content/Fab_Assets/OldWest/Shared/Textures/TX_Fill_01_NRM.uexp" 993
"C:/Users/lucio/OneDrive/Documentos/GitHub/MotoresComerciales-1-2025/MotoresComerciales1/Content/Fab_Assets/OldWest/Shared/Textures/TX_Fill_01_RMA.ubulk" 994
"C:/Users/lucio/OneDrive/Documentos/GitHub/MotoresComerciales-1-2025/MotoresComerciales1/Content/Fab_Assets/OldWest/Shared/Textures/TX_Fill_01_RMA.uasset" 995
"C:/Users/lucio/OneDrive/Documentos/GitHub/MotoresComerciales-1-2025/MotoresComerciales1/Content/Fab_Assets/OldWest/Shared/Textures/TX_Fill_01_RMA.uexp" 996
"../../../Engine/Content/Functions/Engine_MaterialFunctions01/Shading/FuzzyShading.uasset" 997
"../../../Engine/Content/Functions/Engine_MaterialFunctions01/Shading/FuzzyShading.uexp" 998
"C:/Users/lucio/OneDrive/Documentos/GitHub/MotoresComerciales-1-2025/MotoresComerciales1/Content/Fab_Assets/OldWest/Shared/Materials/MM_MasterMaterial_01a.uasset" 999
"C:/Users/lucio/OneDrive/Documentos/GitHub/MotoresComerciales-1-2025/MotoresComerciales1/Content/Fab_Assets/OldWest/Shared/Materials/MM_MasterMaterial_01a.uexp" 1000
"C:/Users/lucio/OneDrive/Documentos/GitHub/MotoresComerciales-1-2025/MotoresComerciales1/Content/Fab_Assets/OldWest/VOL3/Textures/TX_Boots_01a_NRM.ubulk" 1001
"C:/Users/lucio/OneDrive/Documentos/GitHub/MotoresComerciales-1-2025/MotoresComerciales1/Content/Fab_Assets/OldWest/VOL3/Textures/TX_Boots_01a_NRM.uasset" 1002
"C:/Users/lucio/OneDrive/Documentos/GitHub/MotoresComerciales-1-2025/MotoresComerciales1/Content/Fab_Assets/OldWest/VOL3/Textures/TX_Boots_01a_NRM.uexp" 1003
"C:/Users/lucio/OneDrive/Documentos/GitHub/MotoresComerciales-1-2025/MotoresComerciales1/Content/Fab_Assets/OldWest/VOL3/Materials/MI_Boots_01a.uasset" 1004
"C:/Users/lucio/OneDrive/Documentos/GitHub/MotoresComerciales-1-2025/MotoresComerciales1/Content/Fab_Assets/OldWest/VOL3/Materials/MI_Boots_01a.uexp" 1005
"C:/Users/lucio/OneDrive/Documentos/GitHub/MotoresComerciales-1-2025/MotoresComerciales1/Content/Fab_Assets/OldWest/VOL3/Meshes/SM_Boots_01c.ubulk" 1006
"C:/Users/lucio/OneDrive/Documentos/GitHub/MotoresComerciales-1-2025/MotoresComerciales1/Content/Fab_Assets/OldWest/VOL3/Meshes/SM_Boots_01c.uasset" 1007
"C:/Users/lucio/OneDrive/Documentos/GitHub/MotoresComerciales-1-2025/MotoresComerciales1/Content/Fab_Assets/OldWest/VOL3/Meshes/SM_Boots_01c.uexp" 1008
"../../../Engine/Content/Functions/Engine_MaterialFunctions01/Gradient/LinearGradient.uasset" 1009
"../../../Engine/Content/Functions/Engine_MaterialFunctions01/Gradient/LinearGradient.uexp" 1010
"../../../Engine/Content/Functions/Engine_MaterialFunctions01/Gradient/DiamondGradient.uasset" 1011
"../../../Engine/Content/Functions/Engine_MaterialFunctions01/Gradient/DiamondGradient.uexp" 1012
"C:/Users/lucio/OneDrive/Documentos/GitHub/MotoresComerciales-1-2025/MotoresComerciales1/Content/Resourse/M_Esmerald.uasset" 1013
"C:/Users/lucio/OneDrive/Documentos/GitHub/MotoresComerciales-1-2025/MotoresComerciales1/Content/Resourse/M_Esmerald.uexp" 1014
"C:/Users/lucio/OneDrive/Documentos/GitHub/MotoresComerciales-1-2025/MotoresComerciales1/Content/Fab_Assets/OldWest/VOL3/Textures/TX_Cases_01a_ALB.ubulk" 1015
"C:/Users/lucio/OneDrive/Documentos/GitHub/MotoresComerciales-1-2025/MotoresComerciales1/Content/Fab_Assets/OldWest/VOL3/Textures/TX_Cases_01a_ALB.uasset" 1016
"C:/Users/lucio/OneDrive/Documentos/GitHub/MotoresComerciales-1-2025/MotoresComerciales1/Content/Fab_Assets/OldWest/VOL3/Textures/TX_Cases_01a_ALB.uexp" 1017
"C:/Users/lucio/OneDrive/Documentos/GitHub/MotoresComerciales-1-2025/MotoresComerciales1/Content/Fab_Assets/OldWest/VOL3/Textures/TX_Cases_01a_RMA.ubulk" 1018
"C:/Users/lucio/OneDrive/Documentos/GitHub/MotoresComerciales-1-2025/MotoresComerciales1/Content/Fab_Assets/OldWest/VOL3/Textures/TX_Cases_01a_RMA.uasset" 1019
"C:/Users/lucio/OneDrive/Documentos/GitHub/MotoresComerciales-1-2025/MotoresComerciales1/Content/Fab_Assets/OldWest/VOL3/Textures/TX_Cases_01a_RMA.uexp" 1020
"C:/Users/lucio/OneDrive/Documentos/GitHub/MotoresComerciales-1-2025/MotoresComerciales1/Content/Fab_Assets/OldWest/VOL3/Textures/TX_Cases_01a_NRM.ubulk" 1021
"C:/Users/lucio/OneDrive/Documentos/GitHub/MotoresComerciales-1-2025/MotoresComerciales1/Content/Fab_Assets/OldWest/VOL3/Textures/TX_Cases_01a_NRM.uasset" 1022
"C:/Users/lucio/OneDrive/Documentos/GitHub/MotoresComerciales-1-2025/MotoresComerciales1/Content/Fab_Assets/OldWest/VOL3/Textures/TX_Cases_01a_NRM.uexp" 1023
"C:/Users/lucio/OneDrive/Documentos/GitHub/MotoresComerciales-1-2025/MotoresComerciales1/Content/Fab_Assets/OldWest/VOL3/Materials/MI_Case_01a.uasset" 1024
"C:/Users/lucio/OneDrive/Documentos/GitHub/MotoresComerciales-1-2025/MotoresComerciales1/Content/Fab_Assets/OldWest/VOL3/Materials/MI_Case_01a.uexp" 1025
"C:/Users/lucio/OneDrive/Documentos/GitHub/MotoresComerciales-1-2025/MotoresComerciales1/Content/Fab_Assets/OldWest/VOL3/Meshes/SM_Case_01a.ubulk" 1026
"C:/Users/lucio/OneDrive/Documentos/GitHub/MotoresComerciales-1-2025/MotoresComerciales1/Content/Fab_Assets/OldWest/VOL3/Meshes/SM_Case_01a.uasset" 1027
"C:/Users/lucio/OneDrive/Documentos/GitHub/MotoresComerciales-1-2025/MotoresComerciales1/Content/Fab_Assets/OldWest/VOL3/Meshes/SM_Case_01a.uexp" 1028
"C:/Users/lucio/OneDrive/Documentos/GitHub/MotoresComerciales-1-2025/MotoresComerciales1/Content/Fab_Assets/OldWest/VOL3/Textures/TX_Satchel_01a_NRM.ubulk" 1029
"C:/Users/lucio/OneDrive/Documentos/GitHub/MotoresComerciales-1-2025/MotoresComerciales1/Content/Fab_Assets/OldWest/VOL3/Textures/TX_Satchel_01a_NRM.uasset" 1030
"C:/Users/lucio/OneDrive/Documentos/GitHub/MotoresComerciales-1-2025/MotoresComerciales1/Content/Fab_Assets/OldWest/VOL3/Textures/TX_Satchel_01a_NRM.uexp" 1031
"C:/Users/lucio/OneDrive/Documentos/GitHub/MotoresComerciales-1-2025/MotoresComerciales1/Content/Fab_Assets/OldWest/VOL3/Textures/TX_Satchel_01a_RMA.ubulk" 1032
"C:/Users/lucio/OneDrive/Documentos/GitHub/MotoresComerciales-1-2025/MotoresComerciales1/Content/Fab_Assets/OldWest/VOL3/Textures/TX_Satchel_01a_RMA.uasset" 1033
"C:/Users/lucio/OneDrive/Documentos/GitHub/MotoresComerciales-1-2025/MotoresComerciales1/Content/Fab_Assets/OldWest/VOL3/Textures/TX_Satchel_01a_RMA.uexp" 1034
"C:/Users/lucio/OneDrive/Documentos/GitHub/MotoresComerciales-1-2025/MotoresComerciales1/Content/Fab_Assets/OldWest/VOL3/Textures/TX_Satchel_01a_ALB.ubulk" 1035
"C:/Users/lucio/OneDrive/Documentos/GitHub/MotoresComerciales-1-2025/MotoresComerciales1/Content/Fab_Assets/OldWest/VOL3/Textures/TX_Satchel_01a_ALB.uasset" 1036
"C:/Users/lucio/OneDrive/Documentos/GitHub/MotoresComerciales-1-2025/MotoresComerciales1/Content/Fab_Assets/OldWest/VOL3/Textures/TX_Satchel_01a_ALB.uexp" 1037
"C:/Users/lucio/OneDrive/Documentos/GitHub/MotoresComerciales-1-2025/MotoresComerciales1/Content/Fab_Assets/OldWest/VOL3/Materials/MI_Satchel_01a.uasset" 1038
"C:/Users/lucio/OneDrive/Documentos/GitHub/MotoresComerciales-1-2025/MotoresComerciales1/Content/Fab_Assets/OldWest/VOL3/Materials/MI_Satchel_01a.uexp" 1039
"C:/Users/lucio/OneDrive/Documentos/GitHub/MotoresComerciales-1-2025/MotoresComerciales1/Content/Fab_Assets/OldWest/VOL3/Meshes/SM_Satchel_01a.ubulk" 1040
"C:/Users/lucio/OneDrive/Documentos/GitHub/MotoresComerciales-1-2025/MotoresComerciales1/Content/Fab_Assets/OldWest/VOL3/Meshes/SM_Satchel_01a.uasset" 1041
"C:/Users/lucio/OneDrive/Documentos/GitHub/MotoresComerciales-1-2025/MotoresComerciales1/Content/Fab_Assets/OldWest/VOL3/Meshes/SM_Satchel_01a.uexp" 1042
"C:/Users/lucio/OneDrive/Documentos/GitHub/MotoresComerciales-1-2025/MotoresComerciales1/Content/Fab_Assets/OldWest/VOL4/Textures/TX_Dry_Goods_02a_ALB.ubulk" 1043
"C:/Users/lucio/OneDrive/Documentos/GitHub/MotoresComerciales-1-2025/MotoresComerciales1/Content/Fab_Assets/OldWest/VOL4/Textures/TX_Dry_Goods_02a_ALB.uasset" 1044
"C:/Users/lucio/OneDrive/Documentos/GitHub/MotoresComerciales-1-2025/MotoresComerciales1/Content/Fab_Assets/OldWest/VOL4/Textures/TX_Dry_Goods_02a_ALB.uexp" 1045
"C:/Users/lucio/OneDrive/Documentos/GitHub/MotoresComerciales-1-2025/MotoresComerciales1/Content/Fab_Assets/OldWest/VOL4/Textures/TX_Dry_Goods_02a_NRM.ubulk" 1046
"C:/Users/lucio/OneDrive/Documentos/GitHub/MotoresComerciales-1-2025/MotoresComerciales1/Content/Fab_Assets/OldWest/VOL4/Textures/TX_Dry_Goods_02a_NRM.uasset" 1047
"C:/Users/lucio/OneDrive/Documentos/GitHub/MotoresComerciales-1-2025/MotoresComerciales1/Content/Fab_Assets/OldWest/VOL4/Textures/TX_Dry_Goods_02a_NRM.uexp" 1048
"C:/Users/lucio/OneDrive/Documentos/GitHub/MotoresComerciales-1-2025/MotoresComerciales1/Content/Fab_Assets/OldWest/VOL4/Textures/TX_Dry_Goods_02a_RMA.ubulk" 1049
"C:/Users/lucio/OneDrive/Documentos/GitHub/MotoresComerciales-1-2025/MotoresComerciales1/Content/Fab_Assets/OldWest/VOL4/Textures/TX_Dry_Goods_02a_RMA.uasset" 1050
"C:/Users/lucio/OneDrive/Documentos/GitHub/MotoresComerciales-1-2025/MotoresComerciales1/Content/Fab_Assets/OldWest/VOL4/Textures/TX_Dry_Goods_02a_RMA.uexp" 1051
"C:/Users/lucio/OneDrive/Documentos/GitHub/MotoresComerciales-1-2025/MotoresComerciales1/Content/Fab_Assets/OldWest/VOL4/Materials/MI_Drygoods_02a.uasset" 1052
"C:/Users/lucio/OneDrive/Documentos/GitHub/MotoresComerciales-1-2025/MotoresComerciales1/Content/Fab_Assets/OldWest/VOL4/Materials/MI_Drygoods_02a.uexp" 1053
"C:/Users/lucio/OneDrive/Documentos/GitHub/MotoresComerciales-1-2025/MotoresComerciales1/Content/Fab_Assets/OldWest/VOL4/Meshes/SM_Dry_Goods_02d.ubulk" 1054
"C:/Users/lucio/OneDrive/Documentos/GitHub/MotoresComerciales-1-2025/MotoresComerciales1/Content/Fab_Assets/OldWest/VOL4/Meshes/SM_Dry_Goods_02d.uasset" 1055
"C:/Users/lucio/OneDrive/Documentos/GitHub/MotoresComerciales-1-2025/MotoresComerciales1/Content/Fab_Assets/OldWest/VOL4/Meshes/SM_Dry_Goods_02d.uexp" 1056
"C:/Users/lucio/OneDrive/Documentos/GitHub/MotoresComerciales-1-2025/MotoresComerciales1/Content/Fab_Assets/OldWest/VOL3/Textures/TX_Lantern_01a_NRM.ubulk" 1057
"C:/Users/lucio/OneDrive/Documentos/GitHub/MotoresComerciales-1-2025/MotoresComerciales1/Content/Fab_Assets/OldWest/VOL3/Textures/TX_Lantern_01a_NRM.uasset" 1058
"C:/Users/lucio/OneDrive/Documentos/GitHub/MotoresComerciales-1-2025/MotoresComerciales1/Content/Fab_Assets/OldWest/VOL3/Textures/TX_Lantern_01a_NRM.uexp" 1059
"C:/Users/lucio/OneDrive/Documentos/GitHub/MotoresComerciales-1-2025/MotoresComerciales1/Content/Fab_Assets/OldWest/VOL3/Textures/TX_Lantern_01a_ALB.ubulk" 1060
"C:/Users/lucio/OneDrive/Documentos/GitHub/MotoresComerciales-1-2025/MotoresComerciales1/Content/Fab_Assets/OldWest/VOL3/Textures/TX_Lantern_01a_ALB.uasset" 1061
"C:/Users/lucio/OneDrive/Documentos/GitHub/MotoresComerciales-1-2025/MotoresComerciales1/Content/Fab_Assets/OldWest/VOL3/Textures/TX_Lantern_01a_ALB.uexp" 1062
"C:/Users/lucio/OneDrive/Documentos/GitHub/MotoresComerciales-1-2025/MotoresComerciales1/Content/Fab_Assets/OldWest/Shared/Textures/TX_Glass_01a_MASK.ubulk" 1063
"C:/Users/lucio/OneDrive/Documentos/GitHub/MotoresComerciales-1-2025/MotoresComerciales1/Content/Fab_Assets/OldWest/Shared/Textures/TX_Glass_01a_MASK.uasset" 1064
"C:/Users/lucio/OneDrive/Documentos/GitHub/MotoresComerciales-1-2025/MotoresComerciales1/Content/Fab_Assets/OldWest/Shared/Textures/TX_Glass_01a_MASK.uexp" 1065
"../../../Engine/Content/Functions/MaterialLayerFunctions/MatLayerBlend_Standard.uasset" 1066
"../../../Engine/Content/Functions/MaterialLayerFunctions/MatLayerBlend_Standard.uexp" 1067
"C:/Users/lucio/OneDrive/Documentos/GitHub/MotoresComerciales-1-2025/MotoresComerciales1/Content/Fab_Assets/OldWest/Shared/Textures/TX_Microdetail_01a_MASK.ubulk" 1068
"C:/Users/lucio/OneDrive/Documentos/GitHub/MotoresComerciales-1-2025/MotoresComerciales1/Content/Fab_Assets/OldWest/Shared/Textures/TX_Microdetail_01a_MASK.uasset" 1069
"C:/Users/lucio/OneDrive/Documentos/GitHub/MotoresComerciales-1-2025/MotoresComerciales1/Content/Fab_Assets/OldWest/Shared/Textures/TX_Microdetail_01a_MASK.uexp" 1070
"../../../Engine/Content/Functions/Engine_MaterialFunctions02/Utility/DitherTemporalAA.uasset" 1071
"../../../Engine/Content/Functions/Engine_MaterialFunctions02/Utility/DitherTemporalAA.uexp" 1072
"../../../Engine/Content/MapTemplates/Sky/Desert_Outer_HDR.uasset" 1073
"../../../Engine/Content/MapTemplates/Sky/Desert_Outer_HDR.uexp" 1074
"C:/Users/lucio/OneDrive/Documentos/GitHub/MotoresComerciales-1-2025/MotoresComerciales1/Content/Fab_Assets/OldWest/Shared/Materials/MM_Glass_01a.uasset" 1075
"C:/Users/lucio/OneDrive/Documentos/GitHub/MotoresComerciales-1-2025/MotoresComerciales1/Content/Fab_Assets/OldWest/Shared/Materials/MM_Glass_01a.uexp" 1076
"C:/Users/lucio/OneDrive/Documentos/GitHub/MotoresComerciales-1-2025/MotoresComerciales1/Content/Fab_Assets/OldWest/VOL3/Textures/TX_Lantern_01a_RMA.ubulk" 1077
"C:/Users/lucio/OneDrive/Documentos/GitHub/MotoresComerciales-1-2025/MotoresComerciales1/Content/Fab_Assets/OldWest/VOL3/Textures/TX_Lantern_01a_RMA.uasset" 1078
"C:/Users/lucio/OneDrive/Documentos/GitHub/MotoresComerciales-1-2025/MotoresComerciales1/Content/Fab_Assets/OldWest/VOL3/Textures/TX_Lantern_01a_RMA.uexp" 1079
"C:/Users/lucio/OneDrive/Documentos/GitHub/MotoresComerciales-1-2025/MotoresComerciales1/Content/Fab_Assets/OldWest/VOL3/Materials/MI_Latern_Glass_01a.uasset" 1080
"C:/Users/lucio/OneDrive/Documentos/GitHub/MotoresComerciales-1-2025/MotoresComerciales1/Content/Fab_Assets/OldWest/VOL3/Materials/MI_Latern_Glass_01a.uexp" 1081
"C:/Users/lucio/OneDrive/Documentos/GitHub/MotoresComerciales-1-2025/MotoresComerciales1/Content/Fab_Assets/OldWest/VOL3/Materials/MI_Latern_01a.uasset" 1082
"C:/Users/lucio/OneDrive/Documentos/GitHub/MotoresComerciales-1-2025/MotoresComerciales1/Content/Fab_Assets/OldWest/VOL3/Materials/MI_Latern_01a.uexp" 1083
"C:/Users/lucio/OneDrive/Documentos/GitHub/MotoresComerciales-1-2025/MotoresComerciales1/Content/Fab_Assets/OldWest/VOL3/Meshes/SM_Lantern_01d.ubulk" 1084
"C:/Users/lucio/OneDrive/Documentos/GitHub/MotoresComerciales-1-2025/MotoresComerciales1/Content/Fab_Assets/OldWest/VOL3/Meshes/SM_Lantern_01d.uasset" 1085
"C:/Users/lucio/OneDrive/Documentos/GitHub/MotoresComerciales-1-2025/MotoresComerciales1/Content/Fab_Assets/OldWest/VOL3/Meshes/SM_Lantern_01d.uexp" 1086
"C:/Users/lucio/OneDrive/Documentos/GitHub/MotoresComerciales-1-2025/MotoresComerciales1/Content/Fab_Assets/OldWest/VOL3/Textures/TX_Rifle_NN_01a_NRM.ubulk" 1087
"C:/Users/lucio/OneDrive/Documentos/GitHub/MotoresComerciales-1-2025/MotoresComerciales1/Content/Fab_Assets/OldWest/VOL3/Textures/TX_Rifle_NN_01a_NRM.uasset" 1088
"C:/Users/lucio/OneDrive/Documentos/GitHub/MotoresComerciales-1-2025/MotoresComerciales1/Content/Fab_Assets/OldWest/VOL3/Textures/TX_Rifle_NN_01a_NRM.uexp" 1089
"C:/Users/lucio/OneDrive/Documentos/GitHub/MotoresComerciales-1-2025/MotoresComerciales1/Content/Fab_Assets/OldWest/VOL3/Textures/TX_Rifle_NN_01a_RMA.ubulk" 1090
"C:/Users/lucio/OneDrive/Documentos/GitHub/MotoresComerciales-1-2025/MotoresComerciales1/Content/Fab_Assets/OldWest/VOL3/Textures/TX_Rifle_NN_01a_RMA.uasset" 1091
"C:/Users/lucio/OneDrive/Documentos/GitHub/MotoresComerciales-1-2025/MotoresComerciales1/Content/Fab_Assets/OldWest/VOL3/Textures/TX_Rifle_NN_01a_RMA.uexp" 1092
"C:/Users/lucio/OneDrive/Documentos/GitHub/MotoresComerciales-1-2025/MotoresComerciales1/Content/Fab_Assets/OldWest/VOL3/Textures/TX_Rifle_NN_01a_ALB.ubulk" 1093
"C:/Users/lucio/OneDrive/Documentos/GitHub/MotoresComerciales-1-2025/MotoresComerciales1/Content/Fab_Assets/OldWest/VOL3/Textures/TX_Rifle_NN_01a_ALB.uasset" 1094
"C:/Users/lucio/OneDrive/Documentos/GitHub/MotoresComerciales-1-2025/MotoresComerciales1/Content/Fab_Assets/OldWest/VOL3/Textures/TX_Rifle_NN_01a_ALB.uexp" 1095
"C:/Users/lucio/OneDrive/Documentos/GitHub/MotoresComerciales-1-2025/MotoresComerciales1/Content/Fab_Assets/OldWest/VOL3/Materials/MI_Rifle_NN_01a.uasset" 1096
"C:/Users/lucio/OneDrive/Documentos/GitHub/MotoresComerciales-1-2025/MotoresComerciales1/Content/Fab_Assets/OldWest/VOL3/Materials/MI_Rifle_NN_01a.uexp" 1097
"C:/Users/lucio/OneDrive/Documentos/GitHub/MotoresComerciales-1-2025/MotoresComerciales1/Content/Fab_Assets/OldWest/VOL4/Meshes/SM_Dry_Goods_02a.ubulk" 1098
"C:/Users/lucio/OneDrive/Documentos/GitHub/MotoresComerciales-1-2025/MotoresComerciales1/Content/Fab_Assets/OldWest/VOL4/Meshes/SM_Dry_Goods_02a.uasset" 1099
"C:/Users/lucio/OneDrive/Documentos/GitHub/MotoresComerciales-1-2025/MotoresComerciales1/Content/Fab_Assets/OldWest/VOL4/Meshes/SM_Dry_Goods_02a.uexp" 1100
"C:/Users/lucio/OneDrive/Documentos/GitHub/MotoresComerciales-1-2025/MotoresComerciales1/Content/Fab_Assets/OldWest/VOL3/Textures/TX_Holster_01a_RMA.ubulk" 1101
"C:/Users/lucio/OneDrive/Documentos/GitHub/MotoresComerciales-1-2025/MotoresComerciales1/Content/Fab_Assets/OldWest/VOL3/Textures/TX_Holster_01a_RMA.uasset" 1102
"C:/Users/lucio/OneDrive/Documentos/GitHub/MotoresComerciales-1-2025/MotoresComerciales1/Content/Fab_Assets/OldWest/VOL3/Textures/TX_Holster_01a_RMA.uexp" 1103
"C:/Users/lucio/OneDrive/Documentos/GitHub/MotoresComerciales-1-2025/MotoresComerciales1/Content/Fab_Assets/OldWest/VOL3/Textures/TX_Holster_01a_ALB.ubulk" 1104
"C:/Users/lucio/OneDrive/Documentos/GitHub/MotoresComerciales-1-2025/MotoresComerciales1/Content/Fab_Assets/OldWest/VOL3/Textures/TX_Holster_01a_ALB.uasset" 1105
"C:/Users/lucio/OneDrive/Documentos/GitHub/MotoresComerciales-1-2025/MotoresComerciales1/Content/Fab_Assets/OldWest/VOL3/Textures/TX_Holster_01a_ALB.uexp" 1106
"C:/Users/lucio/OneDrive/Documentos/GitHub/MotoresComerciales-1-2025/MotoresComerciales1/Content/Fab_Assets/OldWest/VOL3/Textures/TX_Holster_01a_NRM.ubulk" 1107
"C:/Users/lucio/OneDrive/Documentos/GitHub/MotoresComerciales-1-2025/MotoresComerciales1/Content/Fab_Assets/OldWest/VOL3/Textures/TX_Holster_01a_NRM.uasset" 1108
"C:/Users/lucio/OneDrive/Documentos/GitHub/MotoresComerciales-1-2025/MotoresComerciales1/Content/Fab_Assets/OldWest/VOL3/Textures/TX_Holster_01a_NRM.uexp" 1109
"C:/Users/lucio/OneDrive/Documentos/GitHub/MotoresComerciales-1-2025/MotoresComerciales1/Content/Fab_Assets/OldWest/VOL3/Materials/MI_Holster_01a.uasset" 1110
"C:/Users/lucio/OneDrive/Documentos/GitHub/MotoresComerciales-1-2025/MotoresComerciales1/Content/Fab_Assets/OldWest/VOL3/Materials/MI_Holster_01a.uexp" 1111
"C:/Users/lucio/OneDrive/Documentos/GitHub/MotoresComerciales-1-2025/MotoresComerciales1/Content/Fab_Assets/OldWest/VOL3/Meshes/SM_Holster_01a.ubulk" 1112
"C:/Users/lucio/OneDrive/Documentos/GitHub/MotoresComerciales-1-2025/MotoresComerciales1/Content/Fab_Assets/OldWest/VOL3/Meshes/SM_Holster_01a.uasset" 1113
"C:/Users/lucio/OneDrive/Documentos/GitHub/MotoresComerciales-1-2025/MotoresComerciales1/Content/Fab_Assets/OldWest/VOL3/Meshes/SM_Holster_01a.uexp" 1114
"C:/Users/lucio/OneDrive/Documentos/GitHub/MotoresComerciales-1-2025/MotoresComerciales1/Content/Fab_Assets/OldWest/VOL3/Textures/TX_Lantern_NN_01a_ALB.ubulk" 1115
"C:/Users/lucio/OneDrive/Documentos/GitHub/MotoresComerciales-1-2025/MotoresComerciales1/Content/Fab_Assets/OldWest/VOL3/Textures/TX_Lantern_NN_01a_ALB.uasset" 1116
"C:/Users/lucio/OneDrive/Documentos/GitHub/MotoresComerciales-1-2025/MotoresComerciales1/Content/Fab_Assets/OldWest/VOL3/Textures/TX_Lantern_NN_01a_ALB.uexp" 1117
"C:/Users/lucio/OneDrive/Documentos/GitHub/MotoresComerciales-1-2025/MotoresComerciales1/Content/Fab_Assets/OldWest/VOL3/Textures/TX_Lantern_NN_01a_RMA.ubulk" 1118
"C:/Users/lucio/OneDrive/Documentos/GitHub/MotoresComerciales-1-2025/MotoresComerciales1/Content/Fab_Assets/OldWest/VOL3/Textures/TX_Lantern_NN_01a_RMA.uasset" 1119
"C:/Users/lucio/OneDrive/Documentos/GitHub/MotoresComerciales-1-2025/MotoresComerciales1/Content/Fab_Assets/OldWest/VOL3/Textures/TX_Lantern_NN_01a_RMA.uexp" 1120
"C:/Users/lucio/OneDrive/Documentos/GitHub/MotoresComerciales-1-2025/MotoresComerciales1/Content/Fab_Assets/OldWest/VOL3/Textures/TX_Lantern_NN_01a_NRM.ubulk" 1121
"C:/Users/lucio/OneDrive/Documentos/GitHub/MotoresComerciales-1-2025/MotoresComerciales1/Content/Fab_Assets/OldWest/VOL3/Textures/TX_Lantern_NN_01a_NRM.uasset" 1122
"C:/Users/lucio/OneDrive/Documentos/GitHub/MotoresComerciales-1-2025/MotoresComerciales1/Content/Fab_Assets/OldWest/VOL3/Textures/TX_Lantern_NN_01a_NRM.uexp" 1123
"C:/Users/lucio/OneDrive/Documentos/GitHub/MotoresComerciales-1-2025/MotoresComerciales1/Content/Fab_Assets/OldWest/VOL3/Materials/MI_Lantern_NN_01a.uasset" 1124
"C:/Users/lucio/OneDrive/Documentos/GitHub/MotoresComerciales-1-2025/MotoresComerciales1/Content/Fab_Assets/OldWest/VOL3/Materials/MI_Lantern_NN_01a.uexp" 1125
"C:/Users/lucio/OneDrive/Documentos/GitHub/MotoresComerciales-1-2025/MotoresComerciales1/Content/Fab_Assets/OldWest/VOL4/Meshes/SM_Dry_Goods_02b.ubulk" 1126
"C:/Users/lucio/OneDrive/Documentos/GitHub/MotoresComerciales-1-2025/MotoresComerciales1/Content/Fab_Assets/OldWest/VOL4/Meshes/SM_Dry_Goods_02b.uasset" 1127
"C:/Users/lucio/OneDrive/Documentos/GitHub/MotoresComerciales-1-2025/MotoresComerciales1/Content/Fab_Assets/OldWest/VOL4/Meshes/SM_Dry_Goods_02b.uexp" 1128
"C:/Users/lucio/OneDrive/Documentos/GitHub/MotoresComerciales-1-2025/MotoresComerciales1/Content/Resourse/M_Silver.uasset" 1129
"C:/Users/lucio/OneDrive/Documentos/GitHub/MotoresComerciales-1-2025/MotoresComerciales1/Content/Resourse/M_Silver.uexp" 1130
"C:/Users/lucio/OneDrive/Documentos/GitHub/MotoresComerciales-1-2025/MotoresComerciales1/Content/Resourse/M_Gold.uasset" 1131
"C:/Users/lucio/OneDrive/Documentos/GitHub/MotoresComerciales-1-2025/MotoresComerciales1/Content/Resourse/M_Gold.uexp" 1132
"C:/Users/lucio/OneDrive/Documentos/GitHub/MotoresComerciales-1-2025/MotoresComerciales1/Content/Fab_Assets/OldWest/VOL3/Textures/TX_Hat_01a_NRM.ubulk" 1133
"C:/Users/lucio/OneDrive/Documentos/GitHub/MotoresComerciales-1-2025/MotoresComerciales1/Content/Fab_Assets/OldWest/VOL3/Textures/TX_Hat_01a_NRM.uasset" 1134
"C:/Users/lucio/OneDrive/Documentos/GitHub/MotoresComerciales-1-2025/MotoresComerciales1/Content/Fab_Assets/OldWest/VOL3/Textures/TX_Hat_01a_NRM.uexp" 1135
"C:/Users/lucio/OneDrive/Documentos/GitHub/MotoresComerciales-1-2025/MotoresComerciales1/Content/Fab_Assets/OldWest/VOL3/Textures/TX_Hat_01a_RMA.ubulk" 1136
"C:/Users/lucio/OneDrive/Documentos/GitHub/MotoresComerciales-1-2025/MotoresComerciales1/Content/Fab_Assets/OldWest/VOL3/Textures/TX_Hat_01a_RMA.uasset" 1137
"C:/Users/lucio/OneDrive/Documentos/GitHub/MotoresComerciales-1-2025/MotoresComerciales1/Content/Fab_Assets/OldWest/VOL3/Textures/TX_Hat_01a_RMA.uexp" 1138
"C:/Users/lucio/OneDrive/Documentos/GitHub/MotoresComerciales-1-2025/MotoresComerciales1/Content/Fab_Assets/OldWest/VOL3/Textures/TX_Hat_01a_ALB.ubulk" 1139
"C:/Users/lucio/OneDrive/Documentos/GitHub/MotoresComerciales-1-2025/MotoresComerciales1/Content/Fab_Assets/OldWest/VOL3/Textures/TX_Hat_01a_ALB.uasset" 1140
"C:/Users/lucio/OneDrive/Documentos/GitHub/MotoresComerciales-1-2025/MotoresComerciales1/Content/Fab_Assets/OldWest/VOL3/Textures/TX_Hat_01a_ALB.uexp" 1141
"C:/Users/lucio/OneDrive/Documentos/GitHub/MotoresComerciales-1-2025/MotoresComerciales1/Content/Fab_Assets/OldWest/VOL3/Materials/MI_Hat_01a.uasset" 1142
"C:/Users/lucio/OneDrive/Documentos/GitHub/MotoresComerciales-1-2025/MotoresComerciales1/Content/Fab_Assets/OldWest/VOL3/Materials/MI_Hat_01a.uexp" 1143
"C:/Users/lucio/OneDrive/Documentos/GitHub/MotoresComerciales-1-2025/MotoresComerciales1/Content/Fab_Assets/OldWest/VOL3/Meshes/SM_Hat_01a.ubulk" 1144
"C:/Users/lucio/OneDrive/Documentos/GitHub/MotoresComerciales-1-2025/MotoresComerciales1/Content/Fab_Assets/OldWest/VOL3/Meshes/SM_Hat_01a.uasset" 1145
"C:/Users/lucio/OneDrive/Documentos/GitHub/MotoresComerciales-1-2025/MotoresComerciales1/Content/Fab_Assets/OldWest/VOL3/Meshes/SM_Hat_01a.uexp" 1146
"C:/Users/lucio/OneDrive/Documentos/GitHub/MotoresComerciales-1-2025/MotoresComerciales1/Content/Fab_Assets/OldWest/VOL3/Meshes/SM_Rifle_NN_01a.ubulk" 1147
"C:/Users/lucio/OneDrive/Documentos/GitHub/MotoresComerciales-1-2025/MotoresComerciales1/Content/Fab_Assets/OldWest/VOL3/Meshes/SM_Rifle_NN_01a.uasset" 1148
"C:/Users/lucio/OneDrive/Documentos/GitHub/MotoresComerciales-1-2025/MotoresComerciales1/Content/Fab_Assets/OldWest/VOL3/Meshes/SM_Rifle_NN_01a.uexp" 1149
"C:/Users/lucio/OneDrive/Documentos/GitHub/MotoresComerciales-1-2025/MotoresComerciales1/Content/Resourse/M_Diamond.uasset" 1150
"C:/Users/lucio/OneDrive/Documentos/GitHub/MotoresComerciales-1-2025/MotoresComerciales1/Content/Resourse/M_Diamond.uexp" 1151
"C:/Users/lucio/OneDrive/Documentos/GitHub/MotoresComerciales-1-2025/MotoresComerciales1/Content/BluePrints/BP_Visualizer.uasset" 1152
"C:/Users/lucio/OneDrive/Documentos/GitHub/MotoresComerciales-1-2025/MotoresComerciales1/Content/BluePrints/BP_Visualizer.uexp" 1153
"../../../Engine/Content/EngineSky/T_Sky_Stars.ubulk" 1154
"../../../Engine/Content/EngineSky/T_Sky_Stars.uasset" 1155
"../../../Engine/Content/EngineSky/T_Sky_Stars.uexp" 1156
"../../../Engine/Content/EngineSky/T_Sky_Clouds_M.ubulk" 1157
"../../../Engine/Content/EngineSky/T_Sky_Clouds_M.uasset" 1158
"../../../Engine/Content/EngineSky/T_Sky_Clouds_M.uexp" 1159
"../../../Engine/Content/EngineSky/T_Sky_Blue.ubulk" 1160
"../../../Engine/Content/EngineSky/T_Sky_Blue.uasset" 1161
"../../../Engine/Content/EngineSky/T_Sky_Blue.uexp" 1162
"../../../Engine/Content/EngineSky/M_Sky_Panning_Clouds2.uasset" 1163
"../../../Engine/Content/EngineSky/M_Sky_Panning_Clouds2.uexp" 1164
"../../../Engine/Content/EngineSky/SM_SkySphere.ubulk" 1165
"../../../Engine/Content/EngineSky/SM_SkySphere.uasset" 1166
"../../../Engine/Content/EngineSky/SM_SkySphere.uexp" 1167
"C:/Users/lucio/OneDrive/Documentos/GitHub/MotoresComerciales-1-2025/MotoresComerciales1/Content/Resourse/Skibox.uasset" 1168
"C:/Users/lucio/OneDrive/Documentos/GitHub/MotoresComerciales-1-2025/MotoresComerciales1/Content/Resourse/Skibox.uexp" 1169
"C:/Users/lucio/OneDrive/Documentos/GitHub/MotoresComerciales-1-2025/MotoresComerciales1/Content/Resourse/M_Skyb.uasset" 1170
"C:/Users/lucio/OneDrive/Documentos/GitHub/MotoresComerciales-1-2025/MotoresComerciales1/Content/Resourse/M_Skyb.uexp" 1171
"C:/Users/lucio/OneDrive/Documentos/GitHub/MotoresComerciales-1-2025/MotoresComerciales1/Content/Resourse/M_Skyb_Inst.uasset" 1172
"C:/Users/lucio/OneDrive/Documentos/GitHub/MotoresComerciales-1-2025/MotoresComerciales1/Content/Resourse/M_Skyb_Inst.uexp" 1173
"C:/Users/lucio/OneDrive/Documentos/GitHub/MotoresComerciales-1-2025/MotoresComerciales1/Content/BluePrints/BP_Ligth_1.uasset" 1174
"C:/Users/lucio/OneDrive/Documentos/GitHub/MotoresComerciales-1-2025/MotoresComerciales1/Content/BluePrints/BP_Ligth_1.uexp" 1175
"C:/Users/lucio/OneDrive/Documentos/GitHub/MotoresComerciales-1-2025/MotoresComerciales1/Content/BluePrints/BP_Ligth_2.uasset" 1176
"C:/Users/lucio/OneDrive/Documentos/GitHub/MotoresComerciales-1-2025/MotoresComerciales1/Content/BluePrints/BP_Ligth_2.uexp" 1177
"C:/Users/lucio/OneDrive/Documentos/GitHub/MotoresComerciales-1-2025/MotoresComerciales1/Content/BluePrints/BP_Ligth_3.uasset" 1178
"C:/Users/lucio/OneDrive/Documentos/GitHub/MotoresComerciales-1-2025/MotoresComerciales1/Content/BluePrints/BP_Ligth_3.uexp" 1179
"C:/Users/lucio/OneDrive/Documentos/GitHub/MotoresComerciales-1-2025/MotoresComerciales1/Content/BluePrints/BP_Ligth_4.uasset" 1180
"C:/Users/lucio/OneDrive/Documentos/GitHub/MotoresComerciales-1-2025/MotoresComerciales1/Content/BluePrints/BP_Ligth_4.uexp" 1181
"C:/Users/lucio/OneDrive/Documentos/GitHub/MotoresComerciales-1-2025/MotoresComerciales1/Content/BluePrints/IA_OrbitCamera.uasset" 1182
"C:/Users/lucio/OneDrive/Documentos/GitHub/MotoresComerciales-1-2025/MotoresComerciales1/Content/BluePrints/IA_OrbitCamera.uexp" 1183
"C:/Users/lucio/OneDrive/Documentos/GitHub/MotoresComerciales-1-2025/MotoresComerciales1/Content/BluePrints/IA_Zoom.uasset" 1184
"C:/Users/lucio/OneDrive/Documentos/GitHub/MotoresComerciales-1-2025/MotoresComerciales1/Content/BluePrints/IA_Zoom.uexp" 1185
"C:/Users/lucio/OneDrive/Documentos/GitHub/MotoresComerciales-1-2025/MotoresComerciales1/Content/BluePrints/BP_OrbitCamera.uasset" 1186
"C:/Users/lucio/OneDrive/Documentos/GitHub/MotoresComerciales-1-2025/MotoresComerciales1/Content/BluePrints/BP_OrbitCamera.uexp" 1187
"C:/Users/lucio/OneDrive/Documentos/GitHub/MotoresComerciales-1-2025/MotoresComerciales1/Content/Resourse/M_Base.uasset" 1188
"C:/Users/lucio/OneDrive/Documentos/GitHub/MotoresComerciales-1-2025/MotoresComerciales1/Content/Resourse/M_Base.uexp" 1189
"C:/Users/lucio/OneDrive/Documentos/GitHub/MotoresComerciales-1-2025/MotoresComerciales1/Content/BluePrints/IMC_Viewer.uasset" 1190
"C:/Users/lucio/OneDrive/Documentos/GitHub/MotoresComerciales-1-2025/MotoresComerciales1/Content/BluePrints/IMC_Viewer.uexp" 1191
"C:/Users/lucio/OneDrive/Documentos/GitHub/MotoresComerciales-1-2025/MotoresComerciales1/Content/BluePrints/PC_Viewer.uasset" 1192
"C:/Users/lucio/OneDrive/Documentos/GitHub/MotoresComerciales-1-2025/MotoresComerciales1/Content/BluePrints/PC_Viewer.uexp" 1193
"C:/Users/lucio/OneDrive/Documentos/GitHub/MotoresComerciales-1-2025/MotoresComerciales1/Content/BluePrints/GM_OrbCam.uasset" 1194
"C:/Users/lucio/OneDrive/Documentos/GitHub/MotoresComerciales-1-2025/MotoresComerciales1/Content/BluePrints/GM_OrbCam.uexp" 1195
"C:/Users/lucio/OneDrive/Documentos/GitHub/MotoresComerciales-1-2025/MotoresComerciales1/Content/ThirdPerson/Maps/VISUALIZADORDEOBJETOS.uexp" 1196
"C:/Users/lucio/OneDrive/Documentos/GitHub/MotoresComerciales-1-2025/MotoresComerciales1/Content/ThirdPerson/Maps/VISUALIZADORDEOBJETOS.umap" 1197
"../../../Engine/Content/Maps/Entry_BuiltData.uasset" 1198
"../../../Engine/Content/Maps/Entry_BuiltData.uexp" 1199
"../../../Engine/Content/Maps/Entry.uexp" 1200
"../../../Engine/Content/Maps/Entry.umap" 1201
